INSERT INTO public.country (id, code, "name") VALUES(1, 'AD', 'Andorra');
INSERT INTO public.country (id, code, "name") VALUES(2, 'AE', 'United Arab Emirates');
INSERT INTO public.country (id, code, "name") VALUES(3, 'AF', 'Afghanistan');
INSERT INTO public.country (id, code, "name") VALUES(4, 'AG', 'Antigua and Barbuda');
INSERT INTO public.country (id, code, "name") VALUES(5, 'AI', 'Anguilla');
INSERT INTO public.country (id, code, "name") VALUES(6, 'AL', 'Albania');
INSERT INTO public.country (id, code, "name") VALUES(7, 'AM', 'Armenia');
INSERT INTO public.country (id, code, "name") VALUES(8, 'AO', 'Angola');
INSERT INTO public.country (id, code, "name") VALUES(9, 'AQ', 'Antarctica');
INSERT INTO public.country (id, code, "name") VALUES(10, 'AR', 'Argentina');
INSERT INTO public.country (id, code, "name") VALUES(11, 'AS', 'American Samoa');
INSERT INTO public.country (id, code, "name") VALUES(12, 'AT', 'Austria');
INSERT INTO public.country (id, code, "name") VALUES(13, 'AU', 'Australia');
INSERT INTO public.country (id, code, "name") VALUES(14, 'AW', 'Aruba');
INSERT INTO public.country (id, code, "name") VALUES(15, 'AX', 'Åland');
INSERT INTO public.country (id, code, "name") VALUES(16, 'AZ', 'Azerbaijan');
INSERT INTO public.country (id, code, "name") VALUES(17, 'BA', 'Bosnia and Herzegovina');
INSERT INTO public.country (id, code, "name") VALUES(18, 'BB', 'Barbados');
INSERT INTO public.country (id, code, "name") VALUES(19, 'BD', 'Bangladesh');
INSERT INTO public.country (id, code, "name") VALUES(20, 'BE', 'Belgium');
INSERT INTO public.country (id, code, "name") VALUES(21, 'BF', 'Burkina Faso');
INSERT INTO public.country (id, code, "name") VALUES(22, 'BG', 'Bulgaria');
INSERT INTO public.country (id, code, "name") VALUES(23, 'BH', 'Bahrain');
INSERT INTO public.country (id, code, "name") VALUES(24, 'BI', 'Burundi');
INSERT INTO public.country (id, code, "name") VALUES(25, 'BJ', 'Benin');
INSERT INTO public.country (id, code, "name") VALUES(26, 'BL', 'Saint Barthélemy');
INSERT INTO public.country (id, code, "name") VALUES(27, 'BM', 'Bermuda');
INSERT INTO public.country (id, code, "name") VALUES(28, 'BN', 'Brunei');
INSERT INTO public.country (id, code, "name") VALUES(29, 'BO', 'Bolivia');
INSERT INTO public.country (id, code, "name") VALUES(30, 'BQ', 'Bonaire');
INSERT INTO public.country (id, code, "name") VALUES(31, 'BR', 'Brazil');
INSERT INTO public.country (id, code, "name") VALUES(32, 'BS', 'Bahamas');
INSERT INTO public.country (id, code, "name") VALUES(33, 'BT', 'Bhutan');
INSERT INTO public.country (id, code, "name") VALUES(34, 'BV', 'Bouvet Island');
INSERT INTO public.country (id, code, "name") VALUES(35, 'BW', 'Botswana');
INSERT INTO public.country (id, code, "name") VALUES(36, 'BY', 'Belarus');
INSERT INTO public.country (id, code, "name") VALUES(37, 'BZ', 'Belize');
INSERT INTO public.country (id, code, "name") VALUES(38, 'CA', 'Canada');
INSERT INTO public.country (id, code, "name") VALUES(39, 'CC', 'Cocos [Keeling] Islands');
INSERT INTO public.country (id, code, "name") VALUES(40, 'CD', 'Democratic Republic of the Congo');
INSERT INTO public.country (id, code, "name") VALUES(41, 'CF', 'Central African Republic');
INSERT INTO public.country (id, code, "name") VALUES(42, 'CG', 'Republic of the Congo');
INSERT INTO public.country (id, code, "name") VALUES(43, 'CH', 'Switzerland');
INSERT INTO public.country (id, code, "name") VALUES(44, 'CI', 'Ivory Coast');
INSERT INTO public.country (id, code, "name") VALUES(45, 'CK', 'Cook Islands');
INSERT INTO public.country (id, code, "name") VALUES(46, 'CL', 'Chile');
INSERT INTO public.country (id, code, "name") VALUES(47, 'CM', 'Cameroon');
INSERT INTO public.country (id, code, "name") VALUES(48, 'CN', 'China');
INSERT INTO public.country (id, code, "name") VALUES(49, 'CO', 'Colombia');
INSERT INTO public.country (id, code, "name") VALUES(50, 'CR', 'Costa Rica');
INSERT INTO public.country (id, code, "name") VALUES(51, 'CU', 'Cuba');
INSERT INTO public.country (id, code, "name") VALUES(52, 'CV', 'Cape Verde');
INSERT INTO public.country (id, code, "name") VALUES(53, 'CW', 'Curacao');
INSERT INTO public.country (id, code, "name") VALUES(54, 'CX', 'Christmas Island');
INSERT INTO public.country (id, code, "name") VALUES(55, 'CY', 'Cyprus');
INSERT INTO public.country (id, code, "name") VALUES(56, 'CZ', 'Czech Republic');
INSERT INTO public.country (id, code, "name") VALUES(57, 'DE', 'Germany');
INSERT INTO public.country (id, code, "name") VALUES(58, 'DJ', 'Djibouti');
INSERT INTO public.country (id, code, "name") VALUES(59, 'DK', 'Denmark');
INSERT INTO public.country (id, code, "name") VALUES(60, 'DM', 'Dominica');
INSERT INTO public.country (id, code, "name") VALUES(61, 'DO', 'Dominican Republic');
INSERT INTO public.country (id, code, "name") VALUES(62, 'DZ', 'Algeria');
INSERT INTO public.country (id, code, "name") VALUES(63, 'EC', 'Ecuador');
INSERT INTO public.country (id, code, "name") VALUES(64, 'EE', 'Estonia');
INSERT INTO public.country (id, code, "name") VALUES(65, 'EG', 'Egypt');
INSERT INTO public.country (id, code, "name") VALUES(66, 'EH', 'Western Sahara');
INSERT INTO public.country (id, code, "name") VALUES(67, 'ER', 'Eritrea');
INSERT INTO public.country (id, code, "name") VALUES(68, 'ES', 'Spain');
INSERT INTO public.country (id, code, "name") VALUES(69, 'ET', 'Ethiopia');
INSERT INTO public.country (id, code, "name") VALUES(70, 'FI', 'Finland');
INSERT INTO public.country (id, code, "name") VALUES(71, 'FJ', 'Fiji');
INSERT INTO public.country (id, code, "name") VALUES(72, 'FK', 'Falkland Islands');
INSERT INTO public.country (id, code, "name") VALUES(73, 'FM', 'Micronesia');
INSERT INTO public.country (id, code, "name") VALUES(74, 'FO', 'Faroe Islands');
INSERT INTO public.country (id, code, "name") VALUES(75, 'FR', 'France');
INSERT INTO public.country (id, code, "name") VALUES(76, 'GA', 'Gabon');
INSERT INTO public.country (id, code, "name") VALUES(77, 'GB', 'United Kingdom');
INSERT INTO public.country (id, code, "name") VALUES(78, 'GD', 'Grenada');
INSERT INTO public.country (id, code, "name") VALUES(79, 'GE', 'Georgia');
INSERT INTO public.country (id, code, "name") VALUES(80, 'GF', 'French Guiana');
INSERT INTO public.country (id, code, "name") VALUES(81, 'GG', 'Guernsey');
INSERT INTO public.country (id, code, "name") VALUES(82, 'GH', 'Ghana');
INSERT INTO public.country (id, code, "name") VALUES(83, 'GI', 'Gibraltar');
INSERT INTO public.country (id, code, "name") VALUES(84, 'GL', 'Greenland');
INSERT INTO public.country (id, code, "name") VALUES(85, 'GM', 'Gambia');
INSERT INTO public.country (id, code, "name") VALUES(86, 'GN', 'Guinea');
INSERT INTO public.country (id, code, "name") VALUES(87, 'GP', 'Guadeloupe');
INSERT INTO public.country (id, code, "name") VALUES(88, 'GQ', 'Equatorial Guinea');
INSERT INTO public.country (id, code, "name") VALUES(89, 'GR', 'Greece');
INSERT INTO public.country (id, code, "name") VALUES(90, 'GS', 'South Georgia and the South Sandwich Islands');
INSERT INTO public.country (id, code, "name") VALUES(91, 'GT', 'Guatemala');
INSERT INTO public.country (id, code, "name") VALUES(92, 'GU', 'Guam');
INSERT INTO public.country (id, code, "name") VALUES(93, 'GW', 'Guinea-Bissau');
INSERT INTO public.country (id, code, "name") VALUES(94, 'GY', 'Guyana');
INSERT INTO public.country (id, code, "name") VALUES(95, 'HK', 'Hong Kong');
INSERT INTO public.country (id, code, "name") VALUES(96, 'HM', 'Heard Island and McDonald Islands');
INSERT INTO public.country (id, code, "name") VALUES(97, 'HN', 'Honduras');
INSERT INTO public.country (id, code, "name") VALUES(98, 'HR', 'Croatia');
INSERT INTO public.country (id, code, "name") VALUES(99, 'HT', 'Haiti');
INSERT INTO public.country (id, code, "name") VALUES(100, 'HU', 'Hungary');
INSERT INTO public.country (id, code, "name") VALUES(101, 'ID', 'Indonesia');
INSERT INTO public.country (id, code, "name") VALUES(102, 'IE', 'Ireland');
INSERT INTO public.country (id, code, "name") VALUES(103, 'IL', 'Israel');
INSERT INTO public.country (id, code, "name") VALUES(104, 'IM', 'Isle of Man');
INSERT INTO public.country (id, code, "name") VALUES(105, 'IN', 'India');
INSERT INTO public.country (id, code, "name") VALUES(106, 'IO', 'British Indian Ocean Territory');
INSERT INTO public.country (id, code, "name") VALUES(107, 'IQ', 'Iraq');
INSERT INTO public.country (id, code, "name") VALUES(108, 'IR', 'Iran');
INSERT INTO public.country (id, code, "name") VALUES(109, 'IS', 'Iceland');
INSERT INTO public.country (id, code, "name") VALUES(110, 'IT', 'Italy');
INSERT INTO public.country (id, code, "name") VALUES(111, 'JE', 'Jersey');
INSERT INTO public.country (id, code, "name") VALUES(112, 'JM', 'Jamaica');
INSERT INTO public.country (id, code, "name") VALUES(113, 'JO', 'Jordan');
INSERT INTO public.country (id, code, "name") VALUES(114, 'JP', 'Japan');
INSERT INTO public.country (id, code, "name") VALUES(115, 'KE', 'Kenya');
INSERT INTO public.country (id, code, "name") VALUES(116, 'KG', 'Kyrgyzstan');
INSERT INTO public.country (id, code, "name") VALUES(117, 'KH', 'Cambodia');
INSERT INTO public.country (id, code, "name") VALUES(118, 'KI', 'Kiribati');
INSERT INTO public.country (id, code, "name") VALUES(119, 'KM', 'Comoros');
INSERT INTO public.country (id, code, "name") VALUES(120, 'KN', 'Saint Kitts and Nevis');
INSERT INTO public.country (id, code, "name") VALUES(121, 'KP', 'North Korea');
INSERT INTO public.country (id, code, "name") VALUES(122, 'KR', 'South Korea');
INSERT INTO public.country (id, code, "name") VALUES(123, 'KW', 'Kuwait');
INSERT INTO public.country (id, code, "name") VALUES(124, 'KY', 'Cayman Islands');
INSERT INTO public.country (id, code, "name") VALUES(125, 'KZ', 'Kazakhstan');
INSERT INTO public.country (id, code, "name") VALUES(126, 'LA', 'Laos');
INSERT INTO public.country (id, code, "name") VALUES(127, 'LB', 'Lebanon');
INSERT INTO public.country (id, code, "name") VALUES(128, 'LC', 'Saint Lucia');
INSERT INTO public.country (id, code, "name") VALUES(129, 'LI', 'Liechtenstein');
INSERT INTO public.country (id, code, "name") VALUES(130, 'LK', 'Sri Lanka');
INSERT INTO public.country (id, code, "name") VALUES(131, 'LR', 'Liberia');
INSERT INTO public.country (id, code, "name") VALUES(132, 'LS', 'Lesotho');
INSERT INTO public.country (id, code, "name") VALUES(133, 'LT', 'Lithuania');
INSERT INTO public.country (id, code, "name") VALUES(134, 'LU', 'Luxembourg');
INSERT INTO public.country (id, code, "name") VALUES(135, 'LV', 'Latvia');
INSERT INTO public.country (id, code, "name") VALUES(136, 'LY', 'Libya');
INSERT INTO public.country (id, code, "name") VALUES(137, 'MA', 'Morocco');
INSERT INTO public.country (id, code, "name") VALUES(138, 'MC', 'Monaco');
INSERT INTO public.country (id, code, "name") VALUES(139, 'MD', 'Moldova');
INSERT INTO public.country (id, code, "name") VALUES(140, 'ME', 'Montenegro');
INSERT INTO public.country (id, code, "name") VALUES(141, 'MF', 'Saint Martin');
INSERT INTO public.country (id, code, "name") VALUES(142, 'MG', 'Madagascar');
INSERT INTO public.country (id, code, "name") VALUES(143, 'MH', 'Marshall Islands');
INSERT INTO public.country (id, code, "name") VALUES(144, 'MK', 'Macedonia');
INSERT INTO public.country (id, code, "name") VALUES(145, 'ML', 'Mali');
INSERT INTO public.country (id, code, "name") VALUES(146, 'MM', 'Myanmar [Burma]');
INSERT INTO public.country (id, code, "name") VALUES(147, 'MN', 'Mongolia');
INSERT INTO public.country (id, code, "name") VALUES(148, 'MO', 'Macao');
INSERT INTO public.country (id, code, "name") VALUES(149, 'MP', 'Northern Mariana Islands');
INSERT INTO public.country (id, code, "name") VALUES(150, 'MQ', 'Martinique');
INSERT INTO public.country (id, code, "name") VALUES(151, 'MR', 'Mauritania');
INSERT INTO public.country (id, code, "name") VALUES(152, 'MS', 'Montserrat');
INSERT INTO public.country (id, code, "name") VALUES(153, 'MT', 'Malta');
INSERT INTO public.country (id, code, "name") VALUES(154, 'MU', 'Mauritius');
INSERT INTO public.country (id, code, "name") VALUES(155, 'MV', 'Maldives');
INSERT INTO public.country (id, code, "name") VALUES(156, 'MW', 'Malawi');
INSERT INTO public.country (id, code, "name") VALUES(157, 'MX', 'Mexico');
INSERT INTO public.country (id, code, "name") VALUES(158, 'MY', 'Malaysia');
INSERT INTO public.country (id, code, "name") VALUES(159, 'MZ', 'Mozambique');
INSERT INTO public.country (id, code, "name") VALUES(160, 'NA', 'Namibia');
INSERT INTO public.country (id, code, "name") VALUES(161, 'NC', 'New Caledonia');
INSERT INTO public.country (id, code, "name") VALUES(162, 'NE', 'Niger');
INSERT INTO public.country (id, code, "name") VALUES(163, 'NF', 'Norfolk Island');
INSERT INTO public.country (id, code, "name") VALUES(164, 'NG', 'Nigeria');
INSERT INTO public.country (id, code, "name") VALUES(165, 'NI', 'Nicaragua');
INSERT INTO public.country (id, code, "name") VALUES(166, 'NL', 'Netherlands');
INSERT INTO public.country (id, code, "name") VALUES(167, 'NO', 'Norway');
INSERT INTO public.country (id, code, "name") VALUES(168, 'NP', 'Nepal');
INSERT INTO public.country (id, code, "name") VALUES(169, 'NR', 'Nauru');
INSERT INTO public.country (id, code, "name") VALUES(170, 'NU', 'Niue');
INSERT INTO public.country (id, code, "name") VALUES(171, 'NZ', 'New Zealand');
INSERT INTO public.country (id, code, "name") VALUES(172, 'OM', 'Oman');
INSERT INTO public.country (id, code, "name") VALUES(173, 'PA', 'Panama');
INSERT INTO public.country (id, code, "name") VALUES(174, 'PE', 'Peru');
INSERT INTO public.country (id, code, "name") VALUES(175, 'PF', 'French Polynesia');
INSERT INTO public.country (id, code, "name") VALUES(176, 'PG', 'Papua New Guinea');
INSERT INTO public.country (id, code, "name") VALUES(177, 'PH', 'Philippines');
INSERT INTO public.country (id, code, "name") VALUES(178, 'PK', 'Pakistan');
INSERT INTO public.country (id, code, "name") VALUES(179, 'PL', 'Poland');
INSERT INTO public.country (id, code, "name") VALUES(180, 'PM', 'Saint Pierre and Miquelon');
INSERT INTO public.country (id, code, "name") VALUES(181, 'PN', 'Pitcairn Islands');
INSERT INTO public.country (id, code, "name") VALUES(182, 'PR', 'Puerto Rico');
INSERT INTO public.country (id, code, "name") VALUES(183, 'PS', 'Palestine');
INSERT INTO public.country (id, code, "name") VALUES(184, 'PT', 'Portugal');
INSERT INTO public.country (id, code, "name") VALUES(185, 'PW', 'Palau');
INSERT INTO public.country (id, code, "name") VALUES(186, 'PY', 'Paraguay');
INSERT INTO public.country (id, code, "name") VALUES(187, 'QA', 'Qatar');
INSERT INTO public.country (id, code, "name") VALUES(188, 'RE', 'Réunion');
INSERT INTO public.country (id, code, "name") VALUES(189, 'RO', 'Romania');
INSERT INTO public.country (id, code, "name") VALUES(190, 'RS', 'Serbia');
INSERT INTO public.country (id, code, "name") VALUES(191, 'RU', 'Russia');
INSERT INTO public.country (id, code, "name") VALUES(192, 'RW', 'Rwanda');
INSERT INTO public.country (id, code, "name") VALUES(193, 'SA', 'Saudi Arabia');
INSERT INTO public.country (id, code, "name") VALUES(194, 'SB', 'Solomon Islands');
INSERT INTO public.country (id, code, "name") VALUES(195, 'SC', 'Seychelles');
INSERT INTO public.country (id, code, "name") VALUES(196, 'SD', 'Sudan');
INSERT INTO public.country (id, code, "name") VALUES(197, 'SE', 'Sweden');
INSERT INTO public.country (id, code, "name") VALUES(198, 'SG', 'Singapore');
INSERT INTO public.country (id, code, "name") VALUES(199, 'SH', 'Saint Helena');
INSERT INTO public.country (id, code, "name") VALUES(200, 'SI', 'Slovenia');





































INSERT INTO public.state (id, "name", country_id) VALUES(1, 'ANDHRA PRADESH', 105);
INSERT INTO public.state (id, "name", country_id) VALUES(2, 'ASSAM', 105);
INSERT INTO public.state (id, "name", country_id) VALUES(3, 'ARUNACHAL PRADESH', 105);
INSERT INTO public.state (id, "name", country_id) VALUES(4, 'BIHAR', 105);
INSERT INTO public.state (id, "name", country_id) VALUES(5, 'GUJRAT', 105);
INSERT INTO public.state (id, "name", country_id) VALUES(6, 'HARYANA', 105);
INSERT INTO public.state (id, "name", country_id) VALUES(7, 'HIMACHAL PRADESH', 105);
INSERT INTO public.state (id, "name", country_id) VALUES(8, 'JAMMU & KASHMIR', 105);
INSERT INTO public.state (id, "name", country_id) VALUES(9, 'KARNATAKA', 105);
INSERT INTO public.state (id, "name", country_id) VALUES(10, 'KERALA', 105);
INSERT INTO public.state (id, "name", country_id) VALUES(11, 'MADHYA PRADESH', 105);
INSERT INTO public.state (id, "name", country_id) VALUES(12, 'MAHARASHTRA', 105);
INSERT INTO public.state (id, "name", country_id) VALUES(13, 'MANIPUR', 105);
INSERT INTO public.state (id, "name", country_id) VALUES(14, 'MEGHALAYA', 105);
INSERT INTO public.state (id, "name", country_id) VALUES(15, 'MIZORAM', 105);
INSERT INTO public.state (id, "name", country_id) VALUES(16, 'NAGALAND', 105);
INSERT INTO public.state (id, "name", country_id) VALUES(17, 'ORISSA', 105);
INSERT INTO public.state (id, "name", country_id) VALUES(18, 'PUNJAB', 105);
INSERT INTO public.state (id, "name", country_id) VALUES(19, 'RAJASTHAN', 105);
INSERT INTO public.state (id, "name", country_id) VALUES(20, 'SIKKIM', 105);
INSERT INTO public.state (id, "name", country_id) VALUES(21, 'TAMIL NADU', 105);
INSERT INTO public.state (id, "name", country_id) VALUES(22, 'TRIPURA', 105);
INSERT INTO public.state (id, "name", country_id) VALUES(23, 'UTTAR PRADESH', 105);
INSERT INTO public.state (id, "name", country_id) VALUES(24, 'WEST BENGAL', 105);
INSERT INTO public.state (id, "name", country_id) VALUES(25, 'DELHI', 105);
INSERT INTO public.state (id, "name", country_id) VALUES(26, 'GOA', 105);
INSERT INTO public.state (id, "name", country_id) VALUES(27, 'PONDICHERY', 105);
INSERT INTO public.state (id, "name", country_id) VALUES(28, 'LAKSHDWEEP', 105);
INSERT INTO public.state (id, "name", country_id) VALUES(29, 'DAMAN & DIU', 105);
INSERT INTO public.state (id, "name", country_id) VALUES(30, 'DADRA & NAGAR', 105);
INSERT INTO public.state (id, "name", country_id) VALUES(31, 'CHANDIGARH', 105);
INSERT INTO public.state (id, "name", country_id) VALUES(32, 'ANDAMAN & NICOBAR', 105);
INSERT INTO public.state (id, "name", country_id) VALUES(33, 'UTTARANCHAL', 105);
INSERT INTO public.state (id, "name", country_id) VALUES(34, 'JHARKHAND', 105);
INSERT INTO public.state (id, "name", country_id) VALUES(35, 'CHATTISGARH', 105);



























INSERT INTO public.city (id, name, state_id) VALUES(1, 'North and Middle Andaman', 32);
INSERT INTO public.city (id, name, state_id) VALUES(2, 'South Andaman', 32);
INSERT INTO public.city (id, name, state_id) VALUES(3, 'Nicobar', 32);
INSERT INTO public.city (id, name, state_id) VALUES(4, 'Adilabad', 1);
INSERT INTO public.city (id, name, state_id) VALUES(5, 'Anantapur', 1);
INSERT INTO public.city (id, name, state_id) VALUES(6, 'Chittoor', 1);
INSERT INTO public.city (id, name, state_id) VALUES(7, 'East Godavari', 1);
INSERT INTO public.city (id, name, state_id) VALUES(8, 'Guntur', 1);
INSERT INTO public.city (id, name, state_id) VALUES(9, 'Hyderabad', 1);
INSERT INTO public.city (id, name, state_id) VALUES(10, 'Kadapa', 1);
INSERT INTO public.city (id, name, state_id) VALUES(11, 'Karimnagar', 1);
INSERT INTO public.city (id, name, state_id) VALUES(12, 'Khammam', 1);
INSERT INTO public.city (id, name, state_id) VALUES(13, 'Krishna', 1);
INSERT INTO public.city (id, name, state_id) VALUES(14, 'Kurnool', 1);
INSERT INTO public.city (id, name, state_id) VALUES(15, 'Mahbubnagar', 1);
INSERT INTO public.city (id, name, state_id) VALUES(16, 'Medak', 1);
INSERT INTO public.city (id, name, state_id) VALUES(17, 'Nalgonda', 1);
INSERT INTO public.city (id, name, state_id) VALUES(18, 'Nellore', 1);
INSERT INTO public.city (id, name, state_id) VALUES(19, 'Nizamabad', 1);
INSERT INTO public.city (id, name, state_id) VALUES(20, 'Prakasam', 1);
INSERT INTO public.city (id, name, state_id) VALUES(21, 'Rangareddi', 1);
INSERT INTO public.city (id, name, state_id) VALUES(22, 'Srikakulam', 1);
INSERT INTO public.city (id, name, state_id) VALUES(23, 'Vishakhapatnam', 1);
INSERT INTO public.city (id, name, state_id) VALUES(24, 'Vizianagaram', 1);
INSERT INTO public.city (id, name, state_id) VALUES(25, 'Warangal', 1);
INSERT INTO public.city (id, name, state_id) VALUES(26, 'West Godavari', 1);
INSERT INTO public.city (id, name, state_id) VALUES(27, 'Anjaw', 3);
INSERT INTO public.city (id, name, state_id) VALUES(28, 'Changlang', 3);
INSERT INTO public.city (id, name, state_id) VALUES(29, 'East Kameng', 3);
INSERT INTO public.city (id, name, state_id) VALUES(30, 'Lohit', 3);
INSERT INTO public.city (id, name, state_id) VALUES(31, 'Lower Subansiri', 3);
INSERT INTO public.city (id, name, state_id) VALUES(32, 'Papum Pare', 3);
INSERT INTO public.city (id, name, state_id) VALUES(33, 'Tirap', 3);
INSERT INTO public.city (id, name, state_id) VALUES(34, 'Dibang Valley', 3);
INSERT INTO public.city (id, name, state_id) VALUES(35, 'Upper Subansiri', 3);
INSERT INTO public.city (id, name, state_id) VALUES(36, 'West Kameng', 3);
INSERT INTO public.city (id, name, state_id) VALUES(37, 'Barpeta', 2);
INSERT INTO public.city (id, name, state_id) VALUES(38, 'Bongaigaon', 2);
INSERT INTO public.city (id, name, state_id) VALUES(39, 'Cachar', 2);
INSERT INTO public.city (id, name, state_id) VALUES(40, 'Darrang', 2);
INSERT INTO public.city (id, name, state_id) VALUES(41, 'Dhemaji', 2);
INSERT INTO public.city (id, name, state_id) VALUES(42, 'Dhubri', 2);
INSERT INTO public.city (id, name, state_id) VALUES(43, 'Dibrugarh', 2);
INSERT INTO public.city (id, name, state_id) VALUES(44, 'Goalpara', 2);
INSERT INTO public.city (id, name, state_id) VALUES(45, 'Golaghat', 2);
INSERT INTO public.city (id, name, state_id) VALUES(46, 'Hailakandi', 2);
INSERT INTO public.city (id, name, state_id) VALUES(47, 'Jorhat', 2);
INSERT INTO public.city (id, name, state_id) VALUES(48, 'Karbi Anglong', 2);
INSERT INTO public.city (id, name, state_id) VALUES(49, 'Karimganj', 2);
INSERT INTO public.city (id, name, state_id) VALUES(50, 'Kokrajhar', 2);
INSERT INTO public.city (id, name, state_id) VALUES(51, 'Lakhimpur', 2);
INSERT INTO public.city (id, name, state_id) VALUES(52, 'Marigaon', 2);
INSERT INTO public.city (id, name, state_id) VALUES(53, 'Nagaon', 2);
INSERT INTO public.city (id, name, state_id) VALUES(54, 'Nalbari', 2);
INSERT INTO public.city (id, name, state_id) VALUES(55, 'North Cachar Hills', 2);
INSERT INTO public.city (id, name, state_id) VALUES(56, 'Sibsagar', 2);
INSERT INTO public.city (id, name, state_id) VALUES(57, 'Sonitpur', 2);
INSERT INTO public.city (id, name, state_id) VALUES(58, 'Tinsukia', 2);
INSERT INTO public.city (id, name, state_id) VALUES(59, 'Araria', 4);
INSERT INTO public.city (id, name, state_id) VALUES(60, 'Aurangabad', 4);
INSERT INTO public.city (id, name, state_id) VALUES(61, 'Banka', 4);
INSERT INTO public.city (id, name, state_id) VALUES(62, 'Begusarai', 4);
INSERT INTO public.city (id, name, state_id) VALUES(63, 'Bhagalpur', 4);
INSERT INTO public.city (id, name, state_id) VALUES(64, 'Bhojpur', 4);
INSERT INTO public.city (id, name, state_id) VALUES(65, 'Buxar', 4);
INSERT INTO public.city (id, name, state_id) VALUES(66, 'Darbhanga', 4);
INSERT INTO public.city (id, name, state_id) VALUES(67, 'Purba Champaran', 4);
INSERT INTO public.city (id, name, state_id) VALUES(68, 'Gaya', 4);
INSERT INTO public.city (id, name, state_id) VALUES(69, 'Gopalganj', 4);
INSERT INTO public.city (id, name, state_id) VALUES(70, 'Jamui', 4);
INSERT INTO public.city (id, name, state_id) VALUES(71, 'Jehanabad', 4);
INSERT INTO public.city (id, name, state_id) VALUES(72, 'Khagaria', 4);
INSERT INTO public.city (id, name, state_id) VALUES(73, 'Kishanganj', 4);
INSERT INTO public.city (id, name, state_id) VALUES(74, 'Kaimur', 4);
INSERT INTO public.city (id, name, state_id) VALUES(75, 'Katihar', 4);
INSERT INTO public.city (id, name, state_id) VALUES(76, 'Lakhisarai', 4);
INSERT INTO public.city (id, name, state_id) VALUES(77, 'Madhubani', 4);
INSERT INTO public.city (id, name, state_id) VALUES(78, 'Munger', 4);
INSERT INTO public.city (id, name, state_id) VALUES(79, 'Madhepura', 4);
INSERT INTO public.city (id, name, state_id) VALUES(80, 'Muzaffarpur', 4);
INSERT INTO public.city (id, name, state_id) VALUES(81, 'Nalanda', 4);
INSERT INTO public.city (id, name, state_id) VALUES(82, 'Nawada', 4);
INSERT INTO public.city (id, name, state_id) VALUES(83, 'Patna', 4);
INSERT INTO public.city (id, name, state_id) VALUES(84, 'Purnia', 4);
INSERT INTO public.city (id, name, state_id) VALUES(85, 'Rohtas', 4);
INSERT INTO public.city (id, name, state_id) VALUES(86, 'Saharsa', 4);
INSERT INTO public.city (id, name, state_id) VALUES(87, 'Samastipur', 4);
INSERT INTO public.city (id, name, state_id) VALUES(88, 'Sheohar', 4);
INSERT INTO public.city (id, name, state_id) VALUES(89, 'Sheikhpura', 4);
INSERT INTO public.city (id, name, state_id) VALUES(90, 'Saran', 4);
INSERT INTO public.city (id, name, state_id) VALUES(91, 'Sitamarhi', 4);
INSERT INTO public.city (id, name, state_id) VALUES(92, 'Supaul', 4);
INSERT INTO public.city (id, name, state_id) VALUES(93, 'Siwan', 4);
INSERT INTO public.city (id, name, state_id) VALUES(94, 'Vaishali', 4);
INSERT INTO public.city (id, name, state_id) VALUES(95, 'Pashchim Champaran', 4);
INSERT INTO public.city (id, name, state_id) VALUES(112, 'Diu', 29);
INSERT INTO public.city (id, name, state_id) VALUES(113, 'Daman', 29);
INSERT INTO public.city (id, name, state_id) VALUES(114, 'Central Delhi', 25);
INSERT INTO public.city (id, name, state_id) VALUES(115, 'East Delhi', 25);
INSERT INTO public.city (id, name, state_id) VALUES(116, 'New Delhi', 25);
INSERT INTO public.city (id, name, state_id) VALUES(117, 'North Delhi', 25);
INSERT INTO public.city (id, name, state_id) VALUES(118, 'North East Delhi', 25);
INSERT INTO public.city (id, name, state_id) VALUES(119, 'North West Delhi', 25);
INSERT INTO public.city (id, name, state_id) VALUES(120, 'South Delhi', 25);
INSERT INTO public.city (id, name, state_id) VALUES(121, 'South West Delhi', 25);
INSERT INTO public.city (id, name, state_id) VALUES(122, 'West Delhi', 25);
INSERT INTO public.city (id, name, state_id) VALUES(123, 'North Goa', 26);
INSERT INTO public.city (id, name, state_id) VALUES(124, 'South Goa', 26);
INSERT INTO public.city (id, name, state_id) VALUES(125, 'Ahmedabad', 5);
INSERT INTO public.city (id, name, state_id) VALUES(126, 'Amreli District', 5);
INSERT INTO public.city (id, name, state_id) VALUES(127, 'Anand', 5);
INSERT INTO public.city (id, name, state_id) VALUES(128, 'Banaskantha', 5);
INSERT INTO public.city (id, name, state_id) VALUES(129, 'Bharuch', 5);
INSERT INTO public.city (id, name, state_id) VALUES(130, 'Bhavnagar', 5);
INSERT INTO public.city (id, name, state_id) VALUES(131, 'Dahod', 5);
INSERT INTO public.city (id, name, state_id) VALUES(132, 'The Dangs', 5);
INSERT INTO public.city (id, name, state_id) VALUES(133, 'Gandhinagar', 5);
INSERT INTO public.city (id, name, state_id) VALUES(134, 'Jamnagar', 5);
INSERT INTO public.city (id, name, state_id) VALUES(135, 'Junagadh', 5);
INSERT INTO public.city (id, name, state_id) VALUES(136, 'Kutch', 5);
INSERT INTO public.city (id, name, state_id) VALUES(137, 'Kheda', 5);
INSERT INTO public.city (id, name, state_id) VALUES(138, 'Mehsana', 5);
INSERT INTO public.city (id, name, state_id) VALUES(139, 'Narmada', 5);
INSERT INTO public.city (id, name, state_id) VALUES(140, 'Navsari', 5);
INSERT INTO public.city (id, name, state_id) VALUES(141, 'Patan', 5);
INSERT INTO public.city (id, name, state_id) VALUES(142, 'Panchmahal', 5);
INSERT INTO public.city (id, name, state_id) VALUES(96, 'Bastar', 35);
INSERT INTO public.city (id, name, state_id) VALUES(143, 'Porbandar', 5);
INSERT INTO public.city (id, name, state_id) VALUES(144, 'Rajkot', 5);
INSERT INTO public.city (id, name, state_id) VALUES(145, 'Sabarkantha', 5);
INSERT INTO public.city (id, name, state_id) VALUES(146, 'Surendranagar', 5);
INSERT INTO public.city (id, name, state_id) VALUES(147, 'Surat', 5);
INSERT INTO public.city (id, name, state_id) VALUES(148, 'Vadodara', 5);
INSERT INTO public.city (id, name, state_id) VALUES(149, 'Valsad', 5);
INSERT INTO public.city (id, name, state_id) VALUES(150, 'Ambala', 6);
INSERT INTO public.city (id, name, state_id) VALUES(151, 'Bhiwani', 6);
INSERT INTO public.city (id, name, state_id) VALUES(152, 'Faridabad', 6);
INSERT INTO public.city (id, name, state_id) VALUES(153, 'Fatehabad', 6);
INSERT INTO public.city (id, name, state_id) VALUES(154, 'Gurgaon', 6);
INSERT INTO public.city (id, name, state_id) VALUES(155, 'Hissar', 6);
INSERT INTO public.city (id, name, state_id) VALUES(156, 'Jhajjar', 6);
INSERT INTO public.city (id, name, state_id) VALUES(157, 'Jind', 6);
INSERT INTO public.city (id, name, state_id) VALUES(158, 'Karnal', 6);
INSERT INTO public.city (id, name, state_id) VALUES(159, 'Kaithal', 6);
INSERT INTO public.city (id, name, state_id) VALUES(160, 'Kurukshetra', 6);
INSERT INTO public.city (id, name, state_id) VALUES(161, 'Mahendragarh', 6);
INSERT INTO public.city (id, name, state_id) VALUES(162, 'Mewat', 6);
INSERT INTO public.city (id, name, state_id) VALUES(163, 'Panchkula', 6);
INSERT INTO public.city (id, name, state_id) VALUES(164, 'Panipat', 6);
INSERT INTO public.city (id, name, state_id) VALUES(165, 'Rewari', 6);
INSERT INTO public.city (id, name, state_id) VALUES(166, 'Rohtak', 6);
INSERT INTO public.city (id, name, state_id) VALUES(167, 'Sirsa', 6);
INSERT INTO public.city (id, name, state_id) VALUES(168, 'Sonepat', 6);
INSERT INTO public.city (id, name, state_id) VALUES(169, 'Yamuna Nagar', 6);
INSERT INTO public.city (id, name, state_id) VALUES(170, 'Palwal', 6);
INSERT INTO public.city (id, name, state_id) VALUES(171, 'Bilaspur', 7);
INSERT INTO public.city (id, name, state_id) VALUES(172, 'Chamba', 7);
INSERT INTO public.city (id, name, state_id) VALUES(173, 'Hamirpur', 7);
INSERT INTO public.city (id, name, state_id) VALUES(174, 'Kangra', 7);
INSERT INTO public.city (id, name, state_id) VALUES(175, 'Kinnaur', 7);
INSERT INTO public.city (id, name, state_id) VALUES(176, 'Kulu', 7);
INSERT INTO public.city (id, name, state_id) VALUES(177, 'Lahaul and Spiti', 7);
INSERT INTO public.city (id, name, state_id) VALUES(178, 'Mandi', 7);
INSERT INTO public.city (id, name, state_id) VALUES(179, 'Shimla', 7);
INSERT INTO public.city (id, name, state_id) VALUES(180, 'Sirmaur', 7);
INSERT INTO public.city (id, name, state_id) VALUES(181, 'Solan', 7);
INSERT INTO public.city (id, name, state_id) VALUES(182, 'Una', 7);
INSERT INTO public.city (id, name, state_id) VALUES(183, 'Anantnag', 8);
INSERT INTO public.city (id, name, state_id) VALUES(184, 'Badgam', 8);
INSERT INTO public.city (id, name, state_id) VALUES(185, 'Bandipore', 8);
INSERT INTO public.city (id, name, state_id) VALUES(186, 'Baramula', 8);
INSERT INTO public.city (id, name, state_id) VALUES(187, 'Doda', 8);
INSERT INTO public.city (id, name, state_id) VALUES(188, 'Jammu', 8);
INSERT INTO public.city (id, name, state_id) VALUES(189, 'Kargil', 8);
INSERT INTO public.city (id, name, state_id) VALUES(190, 'Kathua', 8);
INSERT INTO public.city (id, name, state_id) VALUES(191, 'Kupwara', 8);
INSERT INTO public.city (id, name, state_id) VALUES(192, 'Leh', 8);
INSERT INTO public.city (id, name, state_id) VALUES(193, 'Poonch', 8);
INSERT INTO public.city (id, name, state_id) VALUES(194, 'Pulwama', 8);
INSERT INTO public.city (id, name, state_id) VALUES(195, 'Rajauri', 8);
INSERT INTO public.city (id, name, state_id) VALUES(196, 'Srinagar', 8);
INSERT INTO public.city (id, name, state_id) VALUES(197, 'Samba', 8);
INSERT INTO public.city (id, name, state_id) VALUES(198, 'Udhampur', 8);
INSERT INTO public.city (id, name, state_id) VALUES(199, 'Bokaro', 34);
INSERT INTO public.city (id, name, state_id) VALUES(200, 'Chatra', 34);
INSERT INTO public.city (id, name, state_id) VALUES(201, 'Deoghar', 34);
INSERT INTO public.city (id, name, state_id) VALUES(202, 'Dhanbad', 34);
INSERT INTO public.city (id, name, state_id) VALUES(203, 'Dumka', 34);
INSERT INTO public.city (id, name, state_id) VALUES(204, 'Purba Singhbhum', 34);
INSERT INTO public.city (id, name, state_id) VALUES(205, 'Garhwa', 34);
INSERT INTO public.city (id, name, state_id) VALUES(206, 'Giridih', 34);
INSERT INTO public.city (id, name, state_id) VALUES(207, 'Godda', 34);
INSERT INTO public.city (id, name, state_id) VALUES(208, 'Gumla', 34);
INSERT INTO public.city (id, name, state_id) VALUES(209, 'Hazaribagh', 34);
INSERT INTO public.city (id, name, state_id) VALUES(210, 'Koderma', 34);
INSERT INTO public.city (id, name, state_id) VALUES(211, 'Lohardaga', 34);
INSERT INTO public.city (id, name, state_id) VALUES(212, 'Pakur', 34);
INSERT INTO public.city (id, name, state_id) VALUES(213, 'Palamu', 34);
INSERT INTO public.city (id, name, state_id) VALUES(214, 'Ranchi', 34);
INSERT INTO public.city (id, name, state_id) VALUES(215, 'Sahibganj', 34);


