INSERT INTO public.user_role (id, "role") VALUES(1, 'ADMIN');
INSERT INTO public.user_role (id, "role") VALUES(2, 'MANAGER');
INSERT INTO public.user_role (id, "role") VALUES(3, 'USER');

INSERT INTO public.country (id, code, "name") VALUES(1, 'AD', 'Andorra');
INSERT INTO public.country (id, code, "name") VALUES(2, 'AE', 'United Arab Emirates');
INSERT INTO public.country (id, code, "name") VALUES(3, 'AF', 'Afghanistan');
INSERT INTO public.country (id, code, "name") VALUES(4, 'AG', 'Antigua and Barbuda');
INSERT INTO public.country (id, code, "name") VALUES(5, 'AI', 'Anguilla');
INSERT INTO public.country (id, code, "name") VALUES(6, 'AL', 'Albania');
INSERT INTO public.country (id, code, "name") VALUES(7, 'AM', 'Armenia');
INSERT INTO public.country (id, code, "name") VALUES(8, 'AO', 'Angola');
INSERT INTO public.country (id, code, "name") VALUES(9, 'AQ', 'Antarctica');
INSERT INTO public.country (id, code, "name") VALUES(10, 'AR', 'Argentina');
INSERT INTO public.country (id, code, "name") VALUES(11, 'AS', 'American Samoa');
INSERT INTO public.country (id, code, "name") VALUES(12, 'AT', 'Austria');
INSERT INTO public.country (id, code, "name") VALUES(13, 'AU', 'Australia');
INSERT INTO public.country (id, code, "name") VALUES(14, 'AW', 'Aruba');
INSERT INTO public.country (id, code, "name") VALUES(15, 'AX', 'Åland');
INSERT INTO public.country (id, code, "name") VALUES(16, 'AZ', 'Azerbaijan');
INSERT INTO public.country (id, code, "name") VALUES(17, 'BA', 'Bosnia and Herzegovina');
INSERT INTO public.country (id, code, "name") VALUES(18, 'BB', 'Barbados');
INSERT INTO public.country (id, code, "name") VALUES(19, 'BD', 'Bangladesh');
INSERT INTO public.country (id, code, "name") VALUES(20, 'BE', 'Belgium');
INSERT INTO public.country (id, code, "name") VALUES(21, 'BF', 'Burkina Faso');
INSERT INTO public.country (id, code, "name") VALUES(22, 'BG', 'Bulgaria');
INSERT INTO public.country (id, code, "name") VALUES(23, 'BH', 'Bahrain');
INSERT INTO public.country (id, code, "name") VALUES(24, 'BI', 'Burundi');
INSERT INTO public.country (id, code, "name") VALUES(25, 'BJ', 'Benin');
INSERT INTO public.country (id, code, "name") VALUES(26, 'BL', 'Saint Barthélemy');
INSERT INTO public.country (id, code, "name") VALUES(27, 'BM', 'Bermuda');
INSERT INTO public.country (id, code, "name") VALUES(28, 'BN', 'Brunei');
INSERT INTO public.country (id, code, "name") VALUES(29, 'BO', 'Bolivia');
INSERT INTO public.country (id, code, "name") VALUES(30, 'BQ', 'Bonaire');
INSERT INTO public.country (id, code, "name") VALUES(31, 'BR', 'Brazil');
INSERT INTO public.country (id, code, "name") VALUES(32, 'BS', 'Bahamas');
INSERT INTO public.country (id, code, "name") VALUES(33, 'BT', 'Bhutan');
INSERT INTO public.country (id, code, "name") VALUES(34, 'BV', 'Bouvet Island');
INSERT INTO public.country (id, code, "name") VALUES(35, 'BW', 'Botswana');
INSERT INTO public.country (id, code, "name") VALUES(36, 'BY', 'Belarus');
INSERT INTO public.country (id, code, "name") VALUES(37, 'BZ', 'Belize');
INSERT INTO public.country (id, code, "name") VALUES(38, 'CA', 'Canada');
INSERT INTO public.country (id, code, "name") VALUES(39, 'CC', 'Cocos [Keeling] Islands');
INSERT INTO public.country (id, code, "name") VALUES(40, 'CD', 'Democratic Republic of the Congo');
INSERT INTO public.country (id, code, "name") VALUES(41, 'CF', 'Central African Republic');
INSERT INTO public.country (id, code, "name") VALUES(42, 'CG', 'Republic of the Congo');
INSERT INTO public.country (id, code, "name") VALUES(43, 'CH', 'Switzerland');
INSERT INTO public.country (id, code, "name") VALUES(44, 'CI', 'Ivory Coast');
INSERT INTO public.country (id, code, "name") VALUES(45, 'CK', 'Cook Islands');
INSERT INTO public.country (id, code, "name") VALUES(46, 'CL', 'Chile');
INSERT INTO public.country (id, code, "name") VALUES(47, 'CM', 'Cameroon');
INSERT INTO public.country (id, code, "name") VALUES(48, 'CN', 'China');
INSERT INTO public.country (id, code, "name") VALUES(49, 'CO', 'Colombia');
INSERT INTO public.country (id, code, "name") VALUES(50, 'CR', 'Costa Rica');
INSERT INTO public.country (id, code, "name") VALUES(51, 'CU', 'Cuba');
INSERT INTO public.country (id, code, "name") VALUES(52, 'CV', 'Cape Verde');
INSERT INTO public.country (id, code, "name") VALUES(53, 'CW', 'Curacao');
INSERT INTO public.country (id, code, "name") VALUES(54, 'CX', 'Christmas Island');
INSERT INTO public.country (id, code, "name") VALUES(55, 'CY', 'Cyprus');
INSERT INTO public.country (id, code, "name") VALUES(56, 'CZ', 'Czech Republic');
INSERT INTO public.country (id, code, "name") VALUES(57, 'DE', 'Germany');
INSERT INTO public.country (id, code, "name") VALUES(58, 'DJ', 'Djibouti');
INSERT INTO public.country (id, code, "name") VALUES(59, 'DK', 'Denmark');
INSERT INTO public.country (id, code, "name") VALUES(60, 'DM', 'Dominica');
INSERT INTO public.country (id, code, "name") VALUES(61, 'DO', 'Dominican Republic');
INSERT INTO public.country (id, code, "name") VALUES(62, 'DZ', 'Algeria');
INSERT INTO public.country (id, code, "name") VALUES(63, 'EC', 'Ecuador');
INSERT INTO public.country (id, code, "name") VALUES(64, 'EE', 'Estonia');
INSERT INTO public.country (id, code, "name") VALUES(65, 'EG', 'Egypt');
INSERT INTO public.country (id, code, "name") VALUES(66, 'EH', 'Western Sahara');
INSERT INTO public.country (id, code, "name") VALUES(67, 'ER', 'Eritrea');
INSERT INTO public.country (id, code, "name") VALUES(68, 'ES', 'Spain');
INSERT INTO public.country (id, code, "name") VALUES(69, 'ET', 'Ethiopia');
INSERT INTO public.country (id, code, "name") VALUES(70, 'FI', 'Finland');
INSERT INTO public.country (id, code, "name") VALUES(71, 'FJ', 'Fiji');
INSERT INTO public.country (id, code, "name") VALUES(72, 'FK', 'Falkland Islands');
INSERT INTO public.country (id, code, "name") VALUES(73, 'FM', 'Micronesia');
INSERT INTO public.country (id, code, "name") VALUES(74, 'FO', 'Faroe Islands');
INSERT INTO public.country (id, code, "name") VALUES(75, 'FR', 'France');
INSERT INTO public.country (id, code, "name") VALUES(76, 'GA', 'Gabon');
INSERT INTO public.country (id, code, "name") VALUES(77, 'GB', 'United Kingdom');
INSERT INTO public.country (id, code, "name") VALUES(78, 'GD', 'Grenada');
INSERT INTO public.country (id, code, "name") VALUES(79, 'GE', 'Georgia');
INSERT INTO public.country (id, code, "name") VALUES(80, 'GF', 'French Guiana');
INSERT INTO public.country (id, code, "name") VALUES(81, 'GG', 'Guernsey');
INSERT INTO public.country (id, code, "name") VALUES(82, 'GH', 'Ghana');
INSERT INTO public.country (id, code, "name") VALUES(83, 'GI', 'Gibraltar');
INSERT INTO public.country (id, code, "name") VALUES(84, 'GL', 'Greenland');
INSERT INTO public.country (id, code, "name") VALUES(85, 'GM', 'Gambia');
INSERT INTO public.country (id, code, "name") VALUES(86, 'GN', 'Guinea');
INSERT INTO public.country (id, code, "name") VALUES(87, 'GP', 'Guadeloupe');
INSERT INTO public.country (id, code, "name") VALUES(88, 'GQ', 'Equatorial Guinea');
INSERT INTO public.country (id, code, "name") VALUES(89, 'GR', 'Greece');
INSERT INTO public.country (id, code, "name") VALUES(90, 'GS', 'South Georgia and the South Sandwich Islands');
INSERT INTO public.country (id, code, "name") VALUES(91, 'GT', 'Guatemala');
INSERT INTO public.country (id, code, "name") VALUES(92, 'GU', 'Guam');
INSERT INTO public.country (id, code, "name") VALUES(93, 'GW', 'Guinea-Bissau');
INSERT INTO public.country (id, code, "name") VALUES(94, 'GY', 'Guyana');
INSERT INTO public.country (id, code, "name") VALUES(95, 'HK', 'Hong Kong');
INSERT INTO public.country (id, code, "name") VALUES(96, 'HM', 'Heard Island and McDonald Islands');
INSERT INTO public.country (id, code, "name") VALUES(97, 'HN', 'Honduras');
INSERT INTO public.country (id, code, "name") VALUES(98, 'HR', 'Croatia');
INSERT INTO public.country (id, code, "name") VALUES(99, 'HT', 'Haiti');
INSERT INTO public.country (id, code, "name") VALUES(100, 'HU', 'Hungary');
INSERT INTO public.country (id, code, "name") VALUES(101, 'ID', 'Indonesia');
INSERT INTO public.country (id, code, "name") VALUES(102, 'IE', 'Ireland');
INSERT INTO public.country (id, code, "name") VALUES(103, 'IL', 'Israel');
INSERT INTO public.country (id, code, "name") VALUES(104, 'IM', 'Isle of Man');
INSERT INTO public.country (id, code, "name") VALUES(105, 'IN', 'India');
INSERT INTO public.country (id, code, "name") VALUES(106, 'IO', 'British Indian Ocean Territory');
INSERT INTO public.country (id, code, "name") VALUES(107, 'IQ', 'Iraq');
INSERT INTO public.country (id, code, "name") VALUES(108, 'IR', 'Iran');
INSERT INTO public.country (id, code, "name") VALUES(109, 'IS', 'Iceland');
INSERT INTO public.country (id, code, "name") VALUES(110, 'IT', 'Italy');
INSERT INTO public.country (id, code, "name") VALUES(111, 'JE', 'Jersey');
INSERT INTO public.country (id, code, "name") VALUES(112, 'JM', 'Jamaica');
INSERT INTO public.country (id, code, "name") VALUES(113, 'JO', 'Jordan');
INSERT INTO public.country (id, code, "name") VALUES(114, 'JP', 'Japan');
INSERT INTO public.country (id, code, "name") VALUES(115, 'KE', 'Kenya');
INSERT INTO public.country (id, code, "name") VALUES(116, 'KG', 'Kyrgyzstan');
INSERT INTO public.country (id, code, "name") VALUES(117, 'KH', 'Cambodia');
INSERT INTO public.country (id, code, "name") VALUES(118, 'KI', 'Kiribati');
INSERT INTO public.country (id, code, "name") VALUES(119, 'KM', 'Comoros');
INSERT INTO public.country (id, code, "name") VALUES(120, 'KN', 'Saint Kitts and Nevis');
INSERT INTO public.country (id, code, "name") VALUES(121, 'KP', 'North Korea');
INSERT INTO public.country (id, code, "name") VALUES(122, 'KR', 'South Korea');
INSERT INTO public.country (id, code, "name") VALUES(123, 'KW', 'Kuwait');
INSERT INTO public.country (id, code, "name") VALUES(124, 'KY', 'Cayman Islands');
INSERT INTO public.country (id, code, "name") VALUES(125, 'KZ', 'Kazakhstan');
INSERT INTO public.country (id, code, "name") VALUES(126, 'LA', 'Laos');
INSERT INTO public.country (id, code, "name") VALUES(127, 'LB', 'Lebanon');
INSERT INTO public.country (id, code, "name") VALUES(128, 'LC', 'Saint Lucia');
INSERT INTO public.country (id, code, "name") VALUES(129, 'LI', 'Liechtenstein');
INSERT INTO public.country (id, code, "name") VALUES(130, 'LK', 'Sri Lanka');
INSERT INTO public.country (id, code, "name") VALUES(131, 'LR', 'Liberia');
INSERT INTO public.country (id, code, "name") VALUES(132, 'LS', 'Lesotho');
INSERT INTO public.country (id, code, "name") VALUES(133, 'LT', 'Lithuania');
INSERT INTO public.country (id, code, "name") VALUES(134, 'LU', 'Luxembourg');
INSERT INTO public.country (id, code, "name") VALUES(135, 'LV', 'Latvia');
INSERT INTO public.country (id, code, "name") VALUES(136, 'LY', 'Libya');
INSERT INTO public.country (id, code, "name") VALUES(137, 'MA', 'Morocco');
INSERT INTO public.country (id, code, "name") VALUES(138, 'MC', 'Monaco');
INSERT INTO public.country (id, code, "name") VALUES(139, 'MD', 'Moldova');
INSERT INTO public.country (id, code, "name") VALUES(140, 'ME', 'Montenegro');
INSERT INTO public.country (id, code, "name") VALUES(141, 'MF', 'Saint Martin');
INSERT INTO public.country (id, code, "name") VALUES(142, 'MG', 'Madagascar');
INSERT INTO public.country (id, code, "name") VALUES(143, 'MH', 'Marshall Islands');
INSERT INTO public.country (id, code, "name") VALUES(144, 'MK', 'Macedonia');
INSERT INTO public.country (id, code, "name") VALUES(145, 'ML', 'Mali');
INSERT INTO public.country (id, code, "name") VALUES(146, 'MM', 'Myanmar [Burma]');
INSERT INTO public.country (id, code, "name") VALUES(147, 'MN', 'Mongolia');
INSERT INTO public.country (id, code, "name") VALUES(148, 'MO', 'Macao');
INSERT INTO public.country (id, code, "name") VALUES(149, 'MP', 'Northern Mariana Islands');
INSERT INTO public.country (id, code, "name") VALUES(150, 'MQ', 'Martinique');
INSERT INTO public.country (id, code, "name") VALUES(151, 'MR', 'Mauritania');
INSERT INTO public.country (id, code, "name") VALUES(152, 'MS', 'Montserrat');
INSERT INTO public.country (id, code, "name") VALUES(153, 'MT', 'Malta');
INSERT INTO public.country (id, code, "name") VALUES(154, 'MU', 'Mauritius');
INSERT INTO public.country (id, code, "name") VALUES(155, 'MV', 'Maldives');
INSERT INTO public.country (id, code, "name") VALUES(156, 'MW', 'Malawi');
INSERT INTO public.country (id, code, "name") VALUES(157, 'MX', 'Mexico');
INSERT INTO public.country (id, code, "name") VALUES(158, 'MY', 'Malaysia');
INSERT INTO public.country (id, code, "name") VALUES(159, 'MZ', 'Mozambique');
INSERT INTO public.country (id, code, "name") VALUES(160, 'NA', 'Namibia');
INSERT INTO public.country (id, code, "name") VALUES(161, 'NC', 'New Caledonia');
INSERT INTO public.country (id, code, "name") VALUES(162, 'NE', 'Niger');
INSERT INTO public.country (id, code, "name") VALUES(163, 'NF', 'Norfolk Island');
INSERT INTO public.country (id, code, "name") VALUES(164, 'NG', 'Nigeria');
INSERT INTO public.country (id, code, "name") VALUES(165, 'NI', 'Nicaragua');
INSERT INTO public.country (id, code, "name") VALUES(166, 'NL', 'Netherlands');
INSERT INTO public.country (id, code, "name") VALUES(167, 'NO', 'Norway');
INSERT INTO public.country (id, code, "name") VALUES(168, 'NP', 'Nepal');
INSERT INTO public.country (id, code, "name") VALUES(169, 'NR', 'Nauru');
INSERT INTO public.country (id, code, "name") VALUES(170, 'NU', 'Niue');
INSERT INTO public.country (id, code, "name") VALUES(171, 'NZ', 'New Zealand');
INSERT INTO public.country (id, code, "name") VALUES(172, 'OM', 'Oman');
INSERT INTO public.country (id, code, "name") VALUES(173, 'PA', 'Panama');
INSERT INTO public.country (id, code, "name") VALUES(174, 'PE', 'Peru');
INSERT INTO public.country (id, code, "name") VALUES(175, 'PF', 'French Polynesia');
INSERT INTO public.country (id, code, "name") VALUES(176, 'PG', 'Papua New Guinea');
INSERT INTO public.country (id, code, "name") VALUES(177, 'PH', 'Philippines');
INSERT INTO public.country (id, code, "name") VALUES(178, 'PK', 'Pakistan');
INSERT INTO public.country (id, code, "name") VALUES(179, 'PL', 'Poland');
INSERT INTO public.country (id, code, "name") VALUES(180, 'PM', 'Saint Pierre and Miquelon');
INSERT INTO public.country (id, code, "name") VALUES(181, 'PN', 'Pitcairn Islands');
INSERT INTO public.country (id, code, "name") VALUES(182, 'PR', 'Puerto Rico');
INSERT INTO public.country (id, code, "name") VALUES(183, 'PS', 'Palestine');
INSERT INTO public.country (id, code, "name") VALUES(184, 'PT', 'Portugal');
INSERT INTO public.country (id, code, "name") VALUES(185, 'PW', 'Palau');
INSERT INTO public.country (id, code, "name") VALUES(186, 'PY', 'Paraguay');
INSERT INTO public.country (id, code, "name") VALUES(187, 'QA', 'Qatar');
INSERT INTO public.country (id, code, "name") VALUES(188, 'RE', 'Réunion');
INSERT INTO public.country (id, code, "name") VALUES(189, 'RO', 'Romania');
INSERT INTO public.country (id, code, "name") VALUES(190, 'RS', 'Serbia');
INSERT INTO public.country (id, code, "name") VALUES(191, 'RU', 'Russia');
INSERT INTO public.country (id, code, "name") VALUES(192, 'RW', 'Rwanda');
INSERT INTO public.country (id, code, "name") VALUES(193, 'SA', 'Saudi Arabia');
INSERT INTO public.country (id, code, "name") VALUES(194, 'SB', 'Solomon Islands');
INSERT INTO public.country (id, code, "name") VALUES(195, 'SC', 'Seychelles');
INSERT INTO public.country (id, code, "name") VALUES(196, 'SD', 'Sudan');
INSERT INTO public.country (id, code, "name") VALUES(197, 'SE', 'Sweden');
INSERT INTO public.country (id, code, "name") VALUES(198, 'SG', 'Singapore');
INSERT INTO public.country (id, code, "name") VALUES(199, 'SH', 'Saint Helena');
INSERT INTO public.country (id, code, "name") VALUES(200, 'SI', 'Slovenia');





































INSERT INTO public.state (id, "name", country_id) VALUES(1, 'ANDHRA PRADESH', 105);
INSERT INTO public.state (id, "name", country_id) VALUES(2, 'ASSAM', 105);
INSERT INTO public.state (id, "name", country_id) VALUES(3, 'ARUNACHAL PRADESH', 105);
INSERT INTO public.state (id, "name", country_id) VALUES(4, 'BIHAR', 105);
INSERT INTO public.state (id, "name", country_id) VALUES(5, 'GUJRAT', 105);
INSERT INTO public.state (id, "name", country_id) VALUES(6, 'HARYANA', 105);
INSERT INTO public.state (id, "name", country_id) VALUES(7, 'HIMACHAL PRADESH', 105);
INSERT INTO public.state (id, "name", country_id) VALUES(8, 'JAMMU & KASHMIR', 105);
INSERT INTO public.state (id, "name", country_id) VALUES(9, 'KARNATAKA', 105);
INSERT INTO public.state (id, "name", country_id) VALUES(10, 'KERALA', 105);
INSERT INTO public.state (id, "name", country_id) VALUES(11, 'MADHYA PRADESH', 105);
INSERT INTO public.state (id, "name", country_id) VALUES(12, 'MAHARASHTRA', 105);
INSERT INTO public.state (id, "name", country_id) VALUES(13, 'MANIPUR', 105);
INSERT INTO public.state (id, "name", country_id) VALUES(14, 'MEGHALAYA', 105);
INSERT INTO public.state (id, "name", country_id) VALUES(15, 'MIZORAM', 105);
INSERT INTO public.state (id, "name", country_id) VALUES(16, 'NAGALAND', 105);
INSERT INTO public.state (id, "name", country_id) VALUES(17, 'ORISSA', 105);
INSERT INTO public.state (id, "name", country_id) VALUES(18, 'PUNJAB', 105);
INSERT INTO public.state (id, "name", country_id) VALUES(19, 'RAJASTHAN', 105);
INSERT INTO public.state (id, "name", country_id) VALUES(20, 'SIKKIM', 105);
INSERT INTO public.state (id, "name", country_id) VALUES(21, 'TAMIL NADU', 105);
INSERT INTO public.state (id, "name", country_id) VALUES(22, 'TRIPURA', 105);
INSERT INTO public.state (id, "name", country_id) VALUES(23, 'UTTAR PRADESH', 105);
INSERT INTO public.state (id, "name", country_id) VALUES(24, 'WEST BENGAL', 105);
INSERT INTO public.state (id, "name", country_id) VALUES(25, 'DELHI', 105);
INSERT INTO public.state (id, "name", country_id) VALUES(26, 'GOA', 105);
INSERT INTO public.state (id, "name", country_id) VALUES(27, 'PONDICHERY', 105);
INSERT INTO public.state (id, "name", country_id) VALUES(28, 'LAKSHDWEEP', 105);
INSERT INTO public.state (id, "name", country_id) VALUES(29, 'DAMAN & DIU', 105);
INSERT INTO public.state (id, "name", country_id) VALUES(30, 'DADRA & NAGAR', 105);
INSERT INTO public.state (id, "name", country_id) VALUES(31, 'CHANDIGARH', 105);
INSERT INTO public.state (id, "name", country_id) VALUES(32, 'ANDAMAN & NICOBAR', 105);
INSERT INTO public.state (id, "name", country_id) VALUES(33, 'UTTARANCHAL', 105);
INSERT INTO public.state (id, "name", country_id) VALUES(34, 'JHARKHAND', 105);
INSERT INTO public.state (id, "name", country_id) VALUES(35, 'CHATTISGARH', 105);







INSERT INTO public.city (id, "name", state_id) VALUES(1, 'North and Middle Andaman', 32);
INSERT INTO public.city (id, "name", state_id) VALUES(2, 'South Andaman', 32);
INSERT INTO public.city (id, "name", state_id) VALUES(3, 'Nicobar', 32);
INSERT INTO public.city (id, "name", state_id) VALUES(4, 'Adilabad', 1);
INSERT INTO public.city (id, "name", state_id) VALUES(5, 'Anantapur', 1);
INSERT INTO public.city (id, "name", state_id) VALUES(6, 'Chittoor', 1);
INSERT INTO public.city (id, "name", state_id) VALUES(7, 'East Godavari', 1);
INSERT INTO public.city (id, "name", state_id) VALUES(8, 'Guntur', 1);
INSERT INTO public.city (id, "name", state_id) VALUES(9, 'Hyderabad', 1);
INSERT INTO public.city (id, "name", state_id) VALUES(10, 'Kadapa', 1);
INSERT INTO public.city (id, "name", state_id) VALUES(11, 'Karimnagar', 1);
INSERT INTO public.city (id, "name", state_id) VALUES(12, 'Khammam', 1);
INSERT INTO public.city (id, "name", state_id) VALUES(13, 'Krishna', 1);
INSERT INTO public.city (id, "name", state_id) VALUES(14, 'Kurnool', 1);
INSERT INTO public.city (id, "name", state_id) VALUES(15, 'Mahbubnagar', 1);
INSERT INTO public.city (id, "name", state_id) VALUES(16, 'Medak', 1);
INSERT INTO public.city (id, "name", state_id) VALUES(17, 'Nalgonda', 1);
INSERT INTO public.city (id, "name", state_id) VALUES(18, 'Nellore', 1);
INSERT INTO public.city (id, "name", state_id) VALUES(19, 'Nizamabad', 1);
INSERT INTO public.city (id, "name", state_id) VALUES(20, 'Prakasam', 1);
INSERT INTO public.city (id, "name", state_id) VALUES(21, 'Rangareddi', 1);
INSERT INTO public.city (id, "name", state_id) VALUES(22, 'Srikakulam', 1);
INSERT INTO public.city (id, "name", state_id) VALUES(23, 'Vishakhapatnam', 1);
INSERT INTO public.city (id, "name", state_id) VALUES(24, 'Vizianagaram', 1);
INSERT INTO public.city (id, "name", state_id) VALUES(25, 'Warangal', 1);
INSERT INTO public.city (id, "name", state_id) VALUES(26, 'West Godavari', 1);
INSERT INTO public.city (id, "name", state_id) VALUES(27, 'Anjaw', 3);
INSERT INTO public.city (id, "name", state_id) VALUES(28, 'Changlang', 3);
INSERT INTO public.city (id, "name", state_id) VALUES(29, 'East Kameng', 3);
INSERT INTO public.city (id, "name", state_id) VALUES(30, 'Lohit', 3);
INSERT INTO public.city (id, "name", state_id) VALUES(31, 'Lower Subansiri', 3);
INSERT INTO public.city (id, "name", state_id) VALUES(32, 'Papum Pare', 3);
INSERT INTO public.city (id, "name", state_id) VALUES(33, 'Tirap', 3);
INSERT INTO public.city (id, "name", state_id) VALUES(34, 'Dibang Valley', 3);
INSERT INTO public.city (id, "name", state_id) VALUES(35, 'Upper Subansiri', 3);
INSERT INTO public.city (id, "name", state_id) VALUES(36, 'West Kameng', 3);
INSERT INTO public.city (id, "name", state_id) VALUES(37, 'Barpeta', 2);
INSERT INTO public.city (id, "name", state_id) VALUES(38, 'Bongaigaon', 2);
INSERT INTO public.city (id, "name", state_id) VALUES(39, 'Cachar', 2);
INSERT INTO public.city (id, "name", state_id) VALUES(40, 'Darrang', 2);
INSERT INTO public.city (id, "name", state_id) VALUES(41, 'Dhemaji', 2);
INSERT INTO public.city (id, "name", state_id) VALUES(42, 'Dhubri', 2);
INSERT INTO public.city (id, "name", state_id) VALUES(43, 'Dibrugarh', 2);
INSERT INTO public.city (id, "name", state_id) VALUES(44, 'Goalpara', 2);
INSERT INTO public.city (id, "name", state_id) VALUES(45, 'Golaghat', 2);
INSERT INTO public.city (id, "name", state_id) VALUES(46, 'Hailakandi', 2);
INSERT INTO public.city (id, "name", state_id) VALUES(47, 'Jorhat', 2);
INSERT INTO public.city (id, "name", state_id) VALUES(48, 'Karbi Anglong', 2);
INSERT INTO public.city (id, "name", state_id) VALUES(49, 'Karimganj', 2);
INSERT INTO public.city (id, "name", state_id) VALUES(50, 'Kokrajhar', 2);
INSERT INTO public.city (id, "name", state_id) VALUES(51, 'Lakhimpur', 2);
INSERT INTO public.city (id, "name", state_id) VALUES(52, 'Marigaon', 2);
INSERT INTO public.city (id, "name", state_id) VALUES(53, 'Nagaon', 2);
INSERT INTO public.city (id, "name", state_id) VALUES(54, 'Nalbari', 2);
INSERT INTO public.city (id, "name", state_id) VALUES(55, 'North Cachar Hills', 2);
INSERT INTO public.city (id, "name", state_id) VALUES(56, 'Sibsagar', 2);
INSERT INTO public.city (id, "name", state_id) VALUES(57, 'Sonitpur', 2);
INSERT INTO public.city (id, "name", state_id) VALUES(58, 'Tinsukia', 2);
INSERT INTO public.city (id, "name", state_id) VALUES(59, 'Araria', 4);
INSERT INTO public.city (id, "name", state_id) VALUES(60, 'Aurangabad', 4);
INSERT INTO public.city (id, "name", state_id) VALUES(61, 'Banka', 4);
INSERT INTO public.city (id, "name", state_id) VALUES(62, 'Begusarai', 4);
INSERT INTO public.city (id, "name", state_id) VALUES(63, 'Bhagalpur', 4);
INSERT INTO public.city (id, "name", state_id) VALUES(64, 'Bhojpur', 4);
INSERT INTO public.city (id, "name", state_id) VALUES(65, 'Buxar', 4);
INSERT INTO public.city (id, "name", state_id) VALUES(66, 'Darbhanga', 4);
INSERT INTO public.city (id, "name", state_id) VALUES(67, 'Purba Champaran', 4);
INSERT INTO public.city (id, "name", state_id) VALUES(68, 'Gaya', 4);
INSERT INTO public.city (id, "name", state_id) VALUES(69, 'Gopalganj', 4);
INSERT INTO public.city (id, "name", state_id) VALUES(70, 'Jamui', 4);
INSERT INTO public.city (id, "name", state_id) VALUES(71, 'Jehanabad', 4);
INSERT INTO public.city (id, "name", state_id) VALUES(72, 'Khagaria', 4);
INSERT INTO public.city (id, "name", state_id) VALUES(73, 'Kishanganj', 4);
INSERT INTO public.city (id, "name", state_id) VALUES(74, 'Kaimur', 4);
INSERT INTO public.city (id, "name", state_id) VALUES(75, 'Katihar', 4);
INSERT INTO public.city (id, "name", state_id) VALUES(76, 'Lakhisarai', 4);
INSERT INTO public.city (id, "name", state_id) VALUES(77, 'Madhubani', 4);
INSERT INTO public.city (id, "name", state_id) VALUES(78, 'Munger', 4);
INSERT INTO public.city (id, "name", state_id) VALUES(79, 'Madhepura', 4);
INSERT INTO public.city (id, "name", state_id) VALUES(80, 'Muzaffarpur', 4);
INSERT INTO public.city (id, "name", state_id) VALUES(81, 'Nalanda', 4);
INSERT INTO public.city (id, "name", state_id) VALUES(82, 'Nawada', 4);
INSERT INTO public.city (id, "name", state_id) VALUES(83, 'Patna', 4);
INSERT INTO public.city (id, "name", state_id) VALUES(84, 'Purnia', 4);
INSERT INTO public.city (id, "name", state_id) VALUES(85, 'Rohtas', 4);
INSERT INTO public.city (id, "name", state_id) VALUES(86, 'Saharsa', 4);
INSERT INTO public.city (id, "name", state_id) VALUES(87, 'Samastipur', 4);
INSERT INTO public.city (id, "name", state_id) VALUES(88, 'Sheohar', 4);
INSERT INTO public.city (id, "name", state_id) VALUES(89, 'Sheikhpura', 4);
INSERT INTO public.city (id, "name", state_id) VALUES(90, 'Saran', 4);
INSERT INTO public.city (id, "name", state_id) VALUES(91, 'Sitamarhi', 4);
INSERT INTO public.city (id, "name", state_id) VALUES(92, 'Supaul', 4);
INSERT INTO public.city (id, "name", state_id) VALUES(93, 'Siwan', 4);
INSERT INTO public.city (id, "name", state_id) VALUES(94, 'Vaishali', 4);
INSERT INTO public.city (id, "name", state_id) VALUES(95, 'Pashchim Champaran', 4);
INSERT INTO public.city (id, "name", state_id) VALUES(96, 'Bastar', 35);
INSERT INTO public.city (id, "name", state_id) VALUES(97, 'Bilaspur', 35);
INSERT INTO public.city (id, "name", state_id) VALUES(98, 'Dantewada', 35);
INSERT INTO public.city (id, "name", state_id) VALUES(99, 'Dhamtari', 35);
INSERT INTO public.city (id, "name", state_id) VALUES(100, 'Durg', 35);
INSERT INTO public.city (id, "name", state_id) VALUES(101, 'Jashpur', 35);
INSERT INTO public.city (id, "name", state_id) VALUES(102, 'Janjgir-Champa', 35);
INSERT INTO public.city (id, "name", state_id) VALUES(103, 'Korba', 35);
INSERT INTO public.city (id, "name", state_id) VALUES(104, 'Koriya', 35);
INSERT INTO public.city (id, "name", state_id) VALUES(105, 'Kanker', 35);
INSERT INTO public.city (id, "name", state_id) VALUES(106, 'Kawardha', 35);
INSERT INTO public.city (id, "name", state_id) VALUES(107, 'Mahasamund', 35);
INSERT INTO public.city (id, "name", state_id) VALUES(108, 'Raigarh', 35);
INSERT INTO public.city (id, "name", state_id) VALUES(109, 'Rajnandgaon', 35);
INSERT INTO public.city (id, "name", state_id) VALUES(110, 'Raipur', 35);
INSERT INTO public.city (id, "name", state_id) VALUES(111, 'Surguja', 35);
INSERT INTO public.city (id, "name", state_id) VALUES(112, 'Diu', 29);
INSERT INTO public.city (id, "name", state_id) VALUES(113, 'Daman', 29);
INSERT INTO public.city (id, "name", state_id) VALUES(114, 'Central Delhi', 25);
INSERT INTO public.city (id, "name", state_id) VALUES(115, 'East Delhi', 25);
INSERT INTO public.city (id, "name", state_id) VALUES(116, 'New Delhi', 25);
INSERT INTO public.city (id, "name", state_id) VALUES(117, 'North Delhi', 25);
INSERT INTO public.city (id, "name", state_id) VALUES(118, 'North East Delhi', 25);
INSERT INTO public.city (id, "name", state_id) VALUES(119, 'North West Delhi', 25);
INSERT INTO public.city (id, "name", state_id) VALUES(120, 'South Delhi', 25);
INSERT INTO public.city (id, "name", state_id) VALUES(121, 'South West Delhi', 25);
INSERT INTO public.city (id, "name", state_id) VALUES(122, 'West Delhi', 25);
INSERT INTO public.city (id, "name", state_id) VALUES(123, 'North Goa', 26);
INSERT INTO public.city (id, "name", state_id) VALUES(124, 'South Goa', 26);
INSERT INTO public.city (id, "name", state_id) VALUES(125, 'Ahmedabad', 5);
INSERT INTO public.city (id, "name", state_id) VALUES(126, 'Amreli District', 5);
INSERT INTO public.city (id, "name", state_id) VALUES(127, 'Anand', 5);
INSERT INTO public.city (id, "name", state_id) VALUES(128, 'Banaskantha', 5);
INSERT INTO public.city (id, "name", state_id) VALUES(129, 'Bharuch', 5);
INSERT INTO public.city (id, "name", state_id) VALUES(130, 'Bhavnagar', 5);
INSERT INTO public.city (id, "name", state_id) VALUES(131, 'Dahod', 5);
INSERT INTO public.city (id, "name", state_id) VALUES(132, 'The Dangs', 5);
INSERT INTO public.city (id, "name", state_id) VALUES(133, 'Gandhinagar', 5);
INSERT INTO public.city (id, "name", state_id) VALUES(134, 'Jamnagar', 5);
INSERT INTO public.city (id, "name", state_id) VALUES(135, 'Junagadh', 5);
INSERT INTO public.city (id, "name", state_id) VALUES(136, 'Kutch', 5);
INSERT INTO public.city (id, "name", state_id) VALUES(137, 'Kheda', 5);
INSERT INTO public.city (id, "name", state_id) VALUES(138, 'Mehsana', 5);
INSERT INTO public.city (id, "name", state_id) VALUES(139, 'Narmada', 5);
INSERT INTO public.city (id, "name", state_id) VALUES(140, 'Navsari', 5);
INSERT INTO public.city (id, "name", state_id) VALUES(141, 'Patan', 5);
INSERT INTO public.city (id, "name", state_id) VALUES(142, 'Panchmahal', 5);
INSERT INTO public.city (id, "name", state_id) VALUES(143, 'Porbandar', 5);
INSERT INTO public.city (id, "name", state_id) VALUES(144, 'Rajkot', 5);
INSERT INTO public.city (id, "name", state_id) VALUES(145, 'Sabarkantha', 5);
INSERT INTO public.city (id, "name", state_id) VALUES(146, 'Surendranagar', 5);
INSERT INTO public.city (id, "name", state_id) VALUES(147, 'Surat', 5);
INSERT INTO public.city (id, "name", state_id) VALUES(148, 'Vadodara', 5);
INSERT INTO public.city (id, "name", state_id) VALUES(149, 'Valsad', 5);
INSERT INTO public.city (id, "name", state_id) VALUES(150, 'Ambala', 6);
INSERT INTO public.city (id, "name", state_id) VALUES(151, 'Bhiwani', 6);
INSERT INTO public.city (id, "name", state_id) VALUES(152, 'Faridabad', 6);
INSERT INTO public.city (id, "name", state_id) VALUES(153, 'Fatehabad', 6);
INSERT INTO public.city (id, "name", state_id) VALUES(154, 'Gurgaon', 6);
INSERT INTO public.city (id, "name", state_id) VALUES(155, 'Hissar', 6);
INSERT INTO public.city (id, "name", state_id) VALUES(156, 'Jhajjar', 6);
INSERT INTO public.city (id, "name", state_id) VALUES(157, 'Jind', 6);
INSERT INTO public.city (id, "name", state_id) VALUES(158, 'Karnal', 6);
INSERT INTO public.city (id, "name", state_id) VALUES(159, 'Kaithal', 6);
INSERT INTO public.city (id, "name", state_id) VALUES(160, 'Kurukshetra', 6);
INSERT INTO public.city (id, "name", state_id) VALUES(161, 'Mahendragarh', 6);
INSERT INTO public.city (id, "name", state_id) VALUES(162, 'Mewat', 6);
INSERT INTO public.city (id, "name", state_id) VALUES(163, 'Panchkula', 6);
INSERT INTO public.city (id, "name", state_id) VALUES(164, 'Panipat', 6);
INSERT INTO public.city (id, "name", state_id) VALUES(165, 'Rewari', 6);
INSERT INTO public.city (id, "name", state_id) VALUES(166, 'Rohtak', 6);
INSERT INTO public.city (id, "name", state_id) VALUES(167, 'Sirsa', 6);
INSERT INTO public.city (id, "name", state_id) VALUES(168, 'Sonepat', 6);
INSERT INTO public.city (id, "name", state_id) VALUES(169, 'Yamuna Nagar', 6);
INSERT INTO public.city (id, "name", state_id) VALUES(170, 'Palwal', 6);
INSERT INTO public.city (id, "name", state_id) VALUES(171, 'Bilaspur', 7);
INSERT INTO public.city (id, "name", state_id) VALUES(172, 'Chamba', 7);
INSERT INTO public.city (id, "name", state_id) VALUES(173, 'Hamirpur', 7);
INSERT INTO public.city (id, "name", state_id) VALUES(174, 'Kangra', 7);
INSERT INTO public.city (id, "name", state_id) VALUES(175, 'Kinnaur', 7);
INSERT INTO public.city (id, "name", state_id) VALUES(176, 'Kulu', 7);
INSERT INTO public.city (id, "name", state_id) VALUES(177, 'Lahaul and Spiti', 7);
INSERT INTO public.city (id, "name", state_id) VALUES(178, 'Mandi', 7);
INSERT INTO public.city (id, "name", state_id) VALUES(179, 'Shimla', 7);
INSERT INTO public.city (id, "name", state_id) VALUES(180, 'Sirmaur', 7);
INSERT INTO public.city (id, "name", state_id) VALUES(181, 'Solan', 7);
INSERT INTO public.city (id, "name", state_id) VALUES(182, 'Una', 7);
INSERT INTO public.city (id, "name", state_id) VALUES(183, 'Anantnag', 8);
INSERT INTO public.city (id, "name", state_id) VALUES(184, 'Badgam', 8);
INSERT INTO public.city (id, "name", state_id) VALUES(185, 'Bandipore', 8);
INSERT INTO public.city (id, "name", state_id) VALUES(186, 'Baramula', 8);
INSERT INTO public.city (id, "name", state_id) VALUES(187, 'Doda', 8);
INSERT INTO public.city (id, "name", state_id) VALUES(188, 'Jammu', 8);
INSERT INTO public.city (id, "name", state_id) VALUES(189, 'Kargil', 8);
INSERT INTO public.city (id, "name", state_id) VALUES(190, 'Kathua', 8);
INSERT INTO public.city (id, "name", state_id) VALUES(191, 'Kupwara', 8);
INSERT INTO public.city (id, "name", state_id) VALUES(192, 'Leh', 8);
INSERT INTO public.city (id, "name", state_id) VALUES(193, 'Poonch', 8);
INSERT INTO public.city (id, "name", state_id) VALUES(194, 'Pulwama', 8);
INSERT INTO public.city (id, "name", state_id) VALUES(195, 'Rajauri', 8);
INSERT INTO public.city (id, "name", state_id) VALUES(196, 'Srinagar', 8);
INSERT INTO public.city (id, "name", state_id) VALUES(197, 'Samba', 8);
INSERT INTO public.city (id, "name", state_id) VALUES(198, 'Udhampur', 8);
INSERT INTO public.city (id, "name", state_id) VALUES(199, 'Bokaro', 34);
INSERT INTO public.city (id, "name", state_id) VALUES(200, 'Chatra', 34);
INSERT INTO public.city (id, "name", state_id) VALUES(201, 'Deoghar', 34);
INSERT INTO public.city (id, "name", state_id) VALUES(202, 'Dhanbad', 34);
INSERT INTO public.city (id, "name", state_id) VALUES(203, 'Dumka', 34);
INSERT INTO public.city (id, "name", state_id) VALUES(204, 'Purba Singhbhum', 34);
INSERT INTO public.city (id, "name", state_id) VALUES(205, 'Garhwa', 34);
INSERT INTO public.city (id, "name", state_id) VALUES(206, 'Giridih', 34);
INSERT INTO public.city (id, "name", state_id) VALUES(207, 'Godda', 34);
INSERT INTO public.city (id, "name", state_id) VALUES(208, 'Gumla', 34);
INSERT INTO public.city (id, "name", state_id) VALUES(209, 'Hazaribagh', 34);
INSERT INTO public.city (id, "name", state_id) VALUES(210, 'Koderma', 34);
INSERT INTO public.city (id, "name", state_id) VALUES(211, 'Lohardaga', 34);
INSERT INTO public.city (id, "name", state_id) VALUES(212, 'Pakur', 34);
INSERT INTO public.city (id, "name", state_id) VALUES(213, 'Palamu', 34);
INSERT INTO public.city (id, "name", state_id) VALUES(214, 'Ranchi', 34);
INSERT INTO public.city (id, "name", state_id) VALUES(215, 'Sahibganj', 34);
INSERT INTO public.city (id, "name", state_id) VALUES(216, 'Seraikela and Kharsawan', 34);
INSERT INTO public.city (id, "name", state_id) VALUES(217, 'Pashchim Singhbhum', 34);
INSERT INTO public.city (id, "name", state_id) VALUES(218, 'Ramgarh', 34);
INSERT INTO public.city (id, "name", state_id) VALUES(219, 'Bidar', 9);
INSERT INTO public.city (id, "name", state_id) VALUES(220, 'Belgaum', 9);
INSERT INTO public.city (id, "name", state_id) VALUES(221, 'Bijapur', 9);
INSERT INTO public.city (id, "name", state_id) VALUES(222, 'Bagalkot', 9);
INSERT INTO public.city (id, "name", state_id) VALUES(223, 'Bellary', 9);
INSERT INTO public.city (id, "name", state_id) VALUES(224, 'Bangalore Rural District', 9);
INSERT INTO public.city (id, "name", state_id) VALUES(225, 'Bangalore Urban District', 9);
INSERT INTO public.city (id, "name", state_id) VALUES(226, 'Chamarajnagar', 9);
INSERT INTO public.city (id, "name", state_id) VALUES(227, 'Chikmagalur', 9);
INSERT INTO public.city (id, "name", state_id) VALUES(228, 'Chitradurga', 9);
INSERT INTO public.city (id, "name", state_id) VALUES(229, 'Davanagere', 9);
INSERT INTO public.city (id, "name", state_id) VALUES(230, 'Dharwad', 9);
INSERT INTO public.city (id, "name", state_id) VALUES(231, 'Dakshina Kannada', 9);
INSERT INTO public.city (id, "name", state_id) VALUES(232, 'Gadag', 9);
INSERT INTO public.city (id, "name", state_id) VALUES(233, 'Gulbarga', 9);
INSERT INTO public.city (id, "name", state_id) VALUES(234, 'Hassan', 9);
INSERT INTO public.city (id, "name", state_id) VALUES(235, 'Haveri District', 9);
INSERT INTO public.city (id, "name", state_id) VALUES(236, 'Kodagu', 9);
INSERT INTO public.city (id, "name", state_id) VALUES(237, 'Kolar', 9);
INSERT INTO public.city (id, "name", state_id) VALUES(238, 'Koppal', 9);
INSERT INTO public.city (id, "name", state_id) VALUES(239, 'Mandya', 9);
INSERT INTO public.city (id, "name", state_id) VALUES(240, 'Mysore', 9);
INSERT INTO public.city (id, "name", state_id) VALUES(241, 'Raichur', 9);
INSERT INTO public.city (id, "name", state_id) VALUES(242, 'Shimoga', 9);
INSERT INTO public.city (id, "name", state_id) VALUES(243, 'Tumkur', 9);
INSERT INTO public.city (id, "name", state_id) VALUES(244, 'Udupi', 9);
INSERT INTO public.city (id, "name", state_id) VALUES(245, 'Uttara Kannada', 9);
INSERT INTO public.city (id, "name", state_id) VALUES(246, 'Ramanagara', 9);
INSERT INTO public.city (id, "name", state_id) VALUES(247, 'Chikballapur', 9);
INSERT INTO public.city (id, "name", state_id) VALUES(248, 'Yadagiri', 9);
INSERT INTO public.city (id, "name", state_id) VALUES(249, 'Alappuzha', 10);
INSERT INTO public.city (id, "name", state_id) VALUES(250, 'Ernakulam', 10);
INSERT INTO public.city (id, "name", state_id) VALUES(251, 'Idukki', 10);
INSERT INTO public.city (id, "name", state_id) VALUES(252, 'Kollam', 10);
INSERT INTO public.city (id, "name", state_id) VALUES(253, 'Kannur', 10);
INSERT INTO public.city (id, "name", state_id) VALUES(254, 'Kasaragod', 10);
INSERT INTO public.city (id, "name", state_id) VALUES(255, 'Kottayam', 10);
INSERT INTO public.city (id, "name", state_id) VALUES(256, 'Kozhikode', 10);
INSERT INTO public.city (id, "name", state_id) VALUES(257, 'Malappuram', 10);
INSERT INTO public.city (id, "name", state_id) VALUES(258, 'Palakkad', 10);
INSERT INTO public.city (id, "name", state_id) VALUES(259, 'Pathanamthitta', 10);
INSERT INTO public.city (id, "name", state_id) VALUES(260, 'Thrissur', 10);
INSERT INTO public.city (id, "name", state_id) VALUES(261, 'Thiruvananthapuram', 10);
INSERT INTO public.city (id, "name", state_id) VALUES(262, 'Wayanad', 10);
INSERT INTO public.city (id, "name", state_id) VALUES(263, 'Alirajpur', 11);
INSERT INTO public.city (id, "name", state_id) VALUES(264, 'Anuppur', 11);
INSERT INTO public.city (id, "name", state_id) VALUES(265, 'Ashok Nagar', 11);
INSERT INTO public.city (id, "name", state_id) VALUES(266, 'Balaghat', 11);
INSERT INTO public.city (id, "name", state_id) VALUES(267, 'Barwani', 11);
INSERT INTO public.city (id, "name", state_id) VALUES(268, 'Betul', 11);
INSERT INTO public.city (id, "name", state_id) VALUES(269, 'Bhind', 11);
INSERT INTO public.city (id, "name", state_id) VALUES(270, 'Bhopal', 11);
INSERT INTO public.city (id, "name", state_id) VALUES(271, 'Burhanpur', 11);
INSERT INTO public.city (id, "name", state_id) VALUES(272, 'Chhatarpur', 11);
INSERT INTO public.city (id, "name", state_id) VALUES(273, 'Chhindwara', 11);
INSERT INTO public.city (id, "name", state_id) VALUES(274, 'Damoh', 11);
INSERT INTO public.city (id, "name", state_id) VALUES(275, 'Datia', 11);
INSERT INTO public.city (id, "name", state_id) VALUES(276, 'Dewas', 11);
INSERT INTO public.city (id, "name", state_id) VALUES(277, 'Dhar', 11);
INSERT INTO public.city (id, "name", state_id) VALUES(278, 'Dindori', 11);
INSERT INTO public.city (id, "name", state_id) VALUES(279, 'Guna', 11);
INSERT INTO public.city (id, "name", state_id) VALUES(280, 'Gwalior', 11);
INSERT INTO public.city (id, "name", state_id) VALUES(281, 'Harda', 11);
INSERT INTO public.city (id, "name", state_id) VALUES(282, 'Hoshangabad', 11);
INSERT INTO public.city (id, "name", state_id) VALUES(283, 'Indore', 11);
INSERT INTO public.city (id, "name", state_id) VALUES(284, 'Jabalpur', 11);
INSERT INTO public.city (id, "name", state_id) VALUES(285, 'Jhabua', 11);
INSERT INTO public.city (id, "name", state_id) VALUES(286, 'Katni', 11);
INSERT INTO public.city (id, "name", state_id) VALUES(287, 'Khandwa', 11);
INSERT INTO public.city (id, "name", state_id) VALUES(288, 'Khargone', 11);
INSERT INTO public.city (id, "name", state_id) VALUES(289, 'Mandla', 11);
INSERT INTO public.city (id, "name", state_id) VALUES(290, 'Mandsaur', 11);
INSERT INTO public.city (id, "name", state_id) VALUES(291, 'Morena', 11);
INSERT INTO public.city (id, "name", state_id) VALUES(292, 'Narsinghpur', 11);
INSERT INTO public.city (id, "name", state_id) VALUES(293, 'Neemuch', 11);
INSERT INTO public.city (id, "name", state_id) VALUES(294, 'Panna', 11);
INSERT INTO public.city (id, "name", state_id) VALUES(295, 'Rewa', 11);
INSERT INTO public.city (id, "name", state_id) VALUES(296, 'Rajgarh', 11);
INSERT INTO public.city (id, "name", state_id) VALUES(297, 'Ratlam', 11);
INSERT INTO public.city (id, "name", state_id) VALUES(298, 'Raisen', 11);
INSERT INTO public.city (id, "name", state_id) VALUES(299, 'Sagar', 11);
INSERT INTO public.city (id, "name", state_id) VALUES(300, 'Satna', 11);
INSERT INTO public.city (id, "name", state_id) VALUES(301, 'Sehore', 11);
INSERT INTO public.city (id, "name", state_id) VALUES(302, 'Seoni', 11);
INSERT INTO public.city (id, "name", state_id) VALUES(303, 'Shahdol', 11);
INSERT INTO public.city (id, "name", state_id) VALUES(304, 'Shajapur', 11);
INSERT INTO public.city (id, "name", state_id) VALUES(305, 'Sheopur', 11);
INSERT INTO public.city (id, "name", state_id) VALUES(306, 'Shivpuri', 11);
INSERT INTO public.city (id, "name", state_id) VALUES(307, 'Sidhi', 11);
INSERT INTO public.city (id, "name", state_id) VALUES(308, 'Singrauli', 11);
INSERT INTO public.city (id, "name", state_id) VALUES(309, 'Tikamgarh', 11);
INSERT INTO public.city (id, "name", state_id) VALUES(310, 'Ujjain', 11);
INSERT INTO public.city (id, "name", state_id) VALUES(311, 'Umaria', 11);
INSERT INTO public.city (id, "name", state_id) VALUES(312, 'Vidisha', 11);
INSERT INTO public.city (id, "name", state_id) VALUES(313, 'Ahmednagar', 12);
INSERT INTO public.city (id, "name", state_id) VALUES(314, 'Akola', 12);
INSERT INTO public.city (id, "name", state_id) VALUES(315, 'Amrawati', 12);
INSERT INTO public.city (id, "name", state_id) VALUES(316, 'Aurangabad', 12);
INSERT INTO public.city (id, "name", state_id) VALUES(317, 'Bhandara', 12);
INSERT INTO public.city (id, "name", state_id) VALUES(318, 'Beed', 12);
INSERT INTO public.city (id, "name", state_id) VALUES(319, 'Buldhana', 12);
INSERT INTO public.city (id, "name", state_id) VALUES(320, 'Chandrapur', 12);
INSERT INTO public.city (id, "name", state_id) VALUES(321, 'Dhule', 12);
INSERT INTO public.city (id, "name", state_id) VALUES(322, 'Gadchiroli', 12);
INSERT INTO public.city (id, "name", state_id) VALUES(323, 'Gondiya', 12);
INSERT INTO public.city (id, "name", state_id) VALUES(324, 'Hingoli', 12);
INSERT INTO public.city (id, "name", state_id) VALUES(325, 'Jalgaon', 12);
INSERT INTO public.city (id, "name", state_id) VALUES(326, 'Jalna', 12);
INSERT INTO public.city (id, "name", state_id) VALUES(327, 'Kolhapur', 12);
INSERT INTO public.city (id, "name", state_id) VALUES(328, 'Latur', 12);
INSERT INTO public.city (id, "name", state_id) VALUES(329, 'Mumbai City', 12);
INSERT INTO public.city (id, "name", state_id) VALUES(330, 'Mumbai suburban', 12);
INSERT INTO public.city (id, "name", state_id) VALUES(331, 'Nandurbar', 12);
INSERT INTO public.city (id, "name", state_id) VALUES(332, 'Nanded', 12);
INSERT INTO public.city (id, "name", state_id) VALUES(333, 'Nagpur', 12);
INSERT INTO public.city (id, "name", state_id) VALUES(334, 'Nashik', 12);
INSERT INTO public.city (id, "name", state_id) VALUES(335, 'Osmanabad', 12);
INSERT INTO public.city (id, "name", state_id) VALUES(336, 'Parbhani', 12);
INSERT INTO public.city (id, "name", state_id) VALUES(337, 'Pune', 12);
INSERT INTO public.city (id, "name", state_id) VALUES(338, 'Raigad', 12);
INSERT INTO public.city (id, "name", state_id) VALUES(339, 'Ratnagiri', 12);
INSERT INTO public.city (id, "name", state_id) VALUES(340, 'Sindhudurg', 12);
INSERT INTO public.city (id, "name", state_id) VALUES(341, 'Sangli', 12);
INSERT INTO public.city (id, "name", state_id) VALUES(342, 'Solapur', 12);
INSERT INTO public.city (id, "name", state_id) VALUES(343, 'Satara', 12);
INSERT INTO public.city (id, "name", state_id) VALUES(344, 'Thane', 12);
INSERT INTO public.city (id, "name", state_id) VALUES(345, 'Wardha', 12);
INSERT INTO public.city (id, "name", state_id) VALUES(346, 'Washim', 12);
INSERT INTO public.city (id, "name", state_id) VALUES(347, 'Yavatmal', 12);
INSERT INTO public.city (id, "name", state_id) VALUES(348, 'Bishnupur', 13);
INSERT INTO public.city (id, "name", state_id) VALUES(349, 'Churachandpur', 13);
INSERT INTO public.city (id, "name", state_id) VALUES(350, 'Chandel', 13);
INSERT INTO public.city (id, "name", state_id) VALUES(351, 'Imphal East', 13);
INSERT INTO public.city (id, "name", state_id) VALUES(352, 'Senapati', 13);
INSERT INTO public.city (id, "name", state_id) VALUES(353, 'Tamenglong', 13);
INSERT INTO public.city (id, "name", state_id) VALUES(354, 'Thoubal', 13);
INSERT INTO public.city (id, "name", state_id) VALUES(355, 'Ukhrul', 13);
INSERT INTO public.city (id, "name", state_id) VALUES(356, 'Imphal West', 13);
INSERT INTO public.city (id, "name", state_id) VALUES(357, 'East Garo Hills', 14);
INSERT INTO public.city (id, "name", state_id) VALUES(358, 'East Khasi Hills', 14);
INSERT INTO public.city (id, "name", state_id) VALUES(359, 'Jaintia Hills', 14);
INSERT INTO public.city (id, "name", state_id) VALUES(360, 'Ri-Bhoi', 14);
INSERT INTO public.city (id, "name", state_id) VALUES(361, 'South Garo Hills', 14);
INSERT INTO public.city (id, "name", state_id) VALUES(362, 'West Garo Hills', 14);
INSERT INTO public.city (id, "name", state_id) VALUES(363, 'West Khasi Hills', 14);
INSERT INTO public.city (id, "name", state_id) VALUES(364, 'Aizawl', 15);
INSERT INTO public.city (id, "name", state_id) VALUES(365, 'Champhai', 15);
INSERT INTO public.city (id, "name", state_id) VALUES(366, 'Kolasib', 15);
INSERT INTO public.city (id, "name", state_id) VALUES(367, 'Lawngtlai', 15);
INSERT INTO public.city (id, "name", state_id) VALUES(368, 'Lunglei', 15);
INSERT INTO public.city (id, "name", state_id) VALUES(369, 'Mamit', 15);
INSERT INTO public.city (id, "name", state_id) VALUES(370, 'Saiha', 15);
INSERT INTO public.city (id, "name", state_id) VALUES(371, 'Serchhip', 15);
INSERT INTO public.city (id, "name", state_id) VALUES(372, 'Dimapur', 16);
INSERT INTO public.city (id, "name", state_id) VALUES(373, 'Kohima', 16);
INSERT INTO public.city (id, "name", state_id) VALUES(374, 'Mokokchung', 16);
INSERT INTO public.city (id, "name", state_id) VALUES(375, 'Mon', 16);
INSERT INTO public.city (id, "name", state_id) VALUES(376, 'Phek', 16);
INSERT INTO public.city (id, "name", state_id) VALUES(377, 'Tuensang', 16);
INSERT INTO public.city (id, "name", state_id) VALUES(378, 'Wokha', 16);
INSERT INTO public.city (id, "name", state_id) VALUES(379, 'Zunheboto', 16);
INSERT INTO public.city (id, "name", state_id) VALUES(380, 'Angul', 17);
INSERT INTO public.city (id, "name", state_id) VALUES(381, 'Boudh', 17);
INSERT INTO public.city (id, "name", state_id) VALUES(382, 'Bhadrak', 17);
INSERT INTO public.city (id, "name", state_id) VALUES(383, 'Bolangir', 17);
INSERT INTO public.city (id, "name", state_id) VALUES(384, 'Bargarh', 17);
INSERT INTO public.city (id, "name", state_id) VALUES(385, 'Baleswar', 17);
INSERT INTO public.city (id, "name", state_id) VALUES(386, 'Cuttack', 17);
INSERT INTO public.city (id, "name", state_id) VALUES(387, 'Debagarh', 17);
INSERT INTO public.city (id, "name", state_id) VALUES(388, 'Dhenkanal', 17);
INSERT INTO public.city (id, "name", state_id) VALUES(389, 'Ganjam', 17);
INSERT INTO public.city (id, "name", state_id) VALUES(390, 'Gajapati', 17);
INSERT INTO public.city (id, "name", state_id) VALUES(391, 'Jharsuguda', 17);
INSERT INTO public.city (id, "name", state_id) VALUES(392, 'Jajapur', 17);
INSERT INTO public.city (id, "name", state_id) VALUES(393, 'Jagatsinghpur', 17);
INSERT INTO public.city (id, "name", state_id) VALUES(394, 'Khordha', 17);
INSERT INTO public.city (id, "name", state_id) VALUES(395, 'Kendujhar', 17);
INSERT INTO public.city (id, "name", state_id) VALUES(396, 'Kalahandi', 17);
INSERT INTO public.city (id, "name", state_id) VALUES(397, 'Kandhamal', 17);
INSERT INTO public.city (id, "name", state_id) VALUES(398, 'Koraput', 17);
INSERT INTO public.city (id, "name", state_id) VALUES(399, 'Kendrapara', 17);
INSERT INTO public.city (id, "name", state_id) VALUES(400, 'Malkangiri', 17);
INSERT INTO public.city (id, "name", state_id) VALUES(401, 'Mayurbhanj', 17);
INSERT INTO public.city (id, "name", state_id) VALUES(402, 'Nabarangpur', 17);
INSERT INTO public.city (id, "name", state_id) VALUES(403, 'Nuapada', 17);
INSERT INTO public.city (id, "name", state_id) VALUES(404, 'Nayagarh', 17);
INSERT INTO public.city (id, "name", state_id) VALUES(405, 'Puri', 17);
INSERT INTO public.city (id, "name", state_id) VALUES(406, 'Rayagada', 17);
INSERT INTO public.city (id, "name", state_id) VALUES(407, 'Sambalpur', 17);
INSERT INTO public.city (id, "name", state_id) VALUES(408, 'Subarnapur', 17);
INSERT INTO public.city (id, "name", state_id) VALUES(409, 'Sundargarh', 17);
INSERT INTO public.city (id, "name", state_id) VALUES(410, 'Karaikal', 27);
INSERT INTO public.city (id, "name", state_id) VALUES(411, 'Mahe', 27);
INSERT INTO public.city (id, "name", state_id) VALUES(412, 'Puducherry', 27);
INSERT INTO public.city (id, "name", state_id) VALUES(413, 'Yanam', 27);
INSERT INTO public.city (id, "name", state_id) VALUES(414, 'Amritsar', 18);
INSERT INTO public.city (id, "name", state_id) VALUES(415, 'Bathinda', 18);
INSERT INTO public.city (id, "name", state_id) VALUES(416, 'Firozpur', 18);
INSERT INTO public.city (id, "name", state_id) VALUES(417, 'Faridkot', 18);
INSERT INTO public.city (id, "name", state_id) VALUES(418, 'Fatehgarh Sahib', 18);
INSERT INTO public.city (id, "name", state_id) VALUES(419, 'Gurdaspur', 18);
INSERT INTO public.city (id, "name", state_id) VALUES(420, 'Hoshiarpur', 18);
INSERT INTO public.city (id, "name", state_id) VALUES(421, 'Jalandhar', 18);
INSERT INTO public.city (id, "name", state_id) VALUES(422, 'Kapurthala', 18);
INSERT INTO public.city (id, "name", state_id) VALUES(423, 'Ludhiana', 18);
INSERT INTO public.city (id, "name", state_id) VALUES(424, 'Mansa', 18);
INSERT INTO public.city (id, "name", state_id) VALUES(425, 'Moga', 18);
INSERT INTO public.city (id, "name", state_id) VALUES(426, 'Mukatsar', 18);
INSERT INTO public.city (id, "name", state_id) VALUES(427, 'Nawan Shehar', 18);
INSERT INTO public.city (id, "name", state_id) VALUES(428, 'Patiala', 18);
INSERT INTO public.city (id, "name", state_id) VALUES(429, 'Rupnagar', 18);
INSERT INTO public.city (id, "name", state_id) VALUES(430, 'Sangrur', 18);
INSERT INTO public.city (id, "name", state_id) VALUES(431, 'Ajmer', 19);
INSERT INTO public.city (id, "name", state_id) VALUES(432, 'Alwar', 19);
INSERT INTO public.city (id, "name", state_id) VALUES(433, 'Bikaner', 19);
INSERT INTO public.city (id, "name", state_id) VALUES(434, 'Barmer', 19);
INSERT INTO public.city (id, "name", state_id) VALUES(435, 'Banswara', 19);
INSERT INTO public.city (id, "name", state_id) VALUES(436, 'Bharatpur', 19);
INSERT INTO public.city (id, "name", state_id) VALUES(437, 'Baran', 19);
INSERT INTO public.city (id, "name", state_id) VALUES(438, 'Bundi', 19);
INSERT INTO public.city (id, "name", state_id) VALUES(439, 'Bhilwara', 19);
INSERT INTO public.city (id, "name", state_id) VALUES(440, 'Churu', 19);
INSERT INTO public.city (id, "name", state_id) VALUES(441, 'Chittorgarh', 19);
INSERT INTO public.city (id, "name", state_id) VALUES(442, 'Dausa', 19);
INSERT INTO public.city (id, "name", state_id) VALUES(443, 'Dholpur', 19);
INSERT INTO public.city (id, "name", state_id) VALUES(444, 'Dungapur', 19);
INSERT INTO public.city (id, "name", state_id) VALUES(445, 'Ganganagar', 19);
INSERT INTO public.city (id, "name", state_id) VALUES(446, 'Hanumangarh', 19);
INSERT INTO public.city (id, "name", state_id) VALUES(447, 'Juhnjhunun', 19);
INSERT INTO public.city (id, "name", state_id) VALUES(448, 'Jalore', 19);
INSERT INTO public.city (id, "name", state_id) VALUES(449, 'Jodhpur', 19);
INSERT INTO public.city (id, "name", state_id) VALUES(450, 'Jaipur', 19);
INSERT INTO public.city (id, "name", state_id) VALUES(451, 'Jaisalmer', 19);
INSERT INTO public.city (id, "name", state_id) VALUES(452, 'Jhalawar', 19);
INSERT INTO public.city (id, "name", state_id) VALUES(453, 'Karauli', 19);
INSERT INTO public.city (id, "name", state_id) VALUES(454, 'Kota', 19);
INSERT INTO public.city (id, "name", state_id) VALUES(455, 'Nagaur', 19);
INSERT INTO public.city (id, "name", state_id) VALUES(456, 'Pali', 19);
INSERT INTO public.city (id, "name", state_id) VALUES(457, 'Pratapgarh', 19);
INSERT INTO public.city (id, "name", state_id) VALUES(458, 'Rajsamand', 19);
INSERT INTO public.city (id, "name", state_id) VALUES(459, 'Sikar', 19);
INSERT INTO public.city (id, "name", state_id) VALUES(460, 'Sawai Madhopur', 19);
INSERT INTO public.city (id, "name", state_id) VALUES(461, 'Sirohi', 19);
INSERT INTO public.city (id, "name", state_id) VALUES(462, 'Tonk', 19);
INSERT INTO public.city (id, "name", state_id) VALUES(463, 'Udaipur', 19);
INSERT INTO public.city (id, "name", state_id) VALUES(464, 'East Sikkim', 20);
INSERT INTO public.city (id, "name", state_id) VALUES(465, 'North Sikkim', 20);
INSERT INTO public.city (id, "name", state_id) VALUES(466, 'South Sikkim', 20);
INSERT INTO public.city (id, "name", state_id) VALUES(467, 'West Sikkim', 20);
INSERT INTO public.city (id, "name", state_id) VALUES(468, 'Ariyalur', 21);
INSERT INTO public.city (id, "name", state_id) VALUES(469, 'Chennai', 21);
INSERT INTO public.city (id, "name", state_id) VALUES(470, 'Coimbatore', 21);
INSERT INTO public.city (id, "name", state_id) VALUES(471, 'Cuddalore', 21);
INSERT INTO public.city (id, "name", state_id) VALUES(472, 'Dharmapuri', 21);
INSERT INTO public.city (id, "name", state_id) VALUES(473, 'Dindigul', 21);
INSERT INTO public.city (id, "name", state_id) VALUES(474, 'Erode', 21);
INSERT INTO public.city (id, "name", state_id) VALUES(475, 'Kanchipuram', 21);
INSERT INTO public.city (id, "name", state_id) VALUES(476, 'Kanyakumari', 21);
INSERT INTO public.city (id, "name", state_id) VALUES(477, 'Karur', 21);
INSERT INTO public.city (id, "name", state_id) VALUES(478, 'Madurai', 21);
INSERT INTO public.city (id, "name", state_id) VALUES(479, 'Nagapattinam', 21);
INSERT INTO public.city (id, "name", state_id) VALUES(480, 'The Nilgiris', 21);
INSERT INTO public.city (id, "name", state_id) VALUES(481, 'Namakkal', 21);
INSERT INTO public.city (id, "name", state_id) VALUES(482, 'Perambalur', 21);
INSERT INTO public.city (id, "name", state_id) VALUES(483, 'Pudukkottai', 21);
INSERT INTO public.city (id, "name", state_id) VALUES(484, 'Ramanathapuram', 21);
INSERT INTO public.city (id, "name", state_id) VALUES(485, 'Salem', 21);
INSERT INTO public.city (id, "name", state_id) VALUES(486, 'Sivagangai', 21);
INSERT INTO public.city (id, "name", state_id) VALUES(487, 'Tiruppur', 21);
INSERT INTO public.city (id, "name", state_id) VALUES(488, 'Tiruchirappalli', 21);
INSERT INTO public.city (id, "name", state_id) VALUES(489, 'Theni', 21);
INSERT INTO public.city (id, "name", state_id) VALUES(490, 'Tirunelveli', 21);
INSERT INTO public.city (id, "name", state_id) VALUES(491, 'Thanjavur', 21);
INSERT INTO public.city (id, "name", state_id) VALUES(492, 'Thoothukudi', 21);
INSERT INTO public.city (id, "name", state_id) VALUES(493, 'Thiruvallur', 21);
INSERT INTO public.city (id, "name", state_id) VALUES(494, 'Thiruvarur', 21);
INSERT INTO public.city (id, "name", state_id) VALUES(495, 'Tiruvannamalai', 21);
INSERT INTO public.city (id, "name", state_id) VALUES(496, 'Vellore', 21);
INSERT INTO public.city (id, "name", state_id) VALUES(497, 'Villupuram', 21);
INSERT INTO public.city (id, "name", state_id) VALUES(498, 'Dhalai', 22);
INSERT INTO public.city (id, "name", state_id) VALUES(499, 'North Tripura', 22);
INSERT INTO public.city (id, "name", state_id) VALUES(500, 'South Tripura', 22);
INSERT INTO public.city (id, "name", state_id) VALUES(501, 'West Tripura', 22);
INSERT INTO public.city (id, "name", state_id) VALUES(502, 'Almora', 33);
INSERT INTO public.city (id, "name", state_id) VALUES(503, 'Bageshwar', 33);
INSERT INTO public.city (id, "name", state_id) VALUES(504, 'Chamoli', 33);
INSERT INTO public.city (id, "name", state_id) VALUES(505, 'Champawat', 33);
INSERT INTO public.city (id, "name", state_id) VALUES(506, 'Dehradun', 33);
INSERT INTO public.city (id, "name", state_id) VALUES(507, 'Haridwar', 33);
INSERT INTO public.city (id, "name", state_id) VALUES(508, 'Nainital', 33);
INSERT INTO public.city (id, "name", state_id) VALUES(509, 'Pauri Garhwal', 33);
INSERT INTO public.city (id, "name", state_id) VALUES(510, 'Pithoragharh', 33);
INSERT INTO public.city (id, "name", state_id) VALUES(511, 'Rudraprayag', 33);
INSERT INTO public.city (id, "name", state_id) VALUES(512, 'Tehri Garhwal', 33);
INSERT INTO public.city (id, "name", state_id) VALUES(513, 'Udham Singh Nagar', 33);
INSERT INTO public.city (id, "name", state_id) VALUES(514, 'Uttarkashi', 33);
INSERT INTO public.city (id, "name", state_id) VALUES(515, 'Agra', 23);
INSERT INTO public.city (id, "name", state_id) VALUES(516, 'Allahabad', 23);
INSERT INTO public.city (id, "name", state_id) VALUES(517, 'Aligarh', 23);
INSERT INTO public.city (id, "name", state_id) VALUES(518, 'Ambedkar Nagar', 23);
INSERT INTO public.city (id, "name", state_id) VALUES(519, 'Auraiya', 23);
INSERT INTO public.city (id, "name", state_id) VALUES(520, 'Azamgarh', 23);
INSERT INTO public.city (id, "name", state_id) VALUES(521, 'Barabanki', 23);
INSERT INTO public.city (id, "name", state_id) VALUES(522, 'Badaun', 23);
INSERT INTO public.city (id, "name", state_id) VALUES(523, 'Bagpat', 23);
INSERT INTO public.city (id, "name", state_id) VALUES(524, 'Bahraich', 23);
INSERT INTO public.city (id, "name", state_id) VALUES(525, 'Bijnor', 23);
INSERT INTO public.city (id, "name", state_id) VALUES(526, 'Ballia', 23);
INSERT INTO public.city (id, "name", state_id) VALUES(527, 'Banda', 23);
INSERT INTO public.city (id, "name", state_id) VALUES(528, 'Balrampur', 23);
INSERT INTO public.city (id, "name", state_id) VALUES(529, 'Bareilly', 23);
INSERT INTO public.city (id, "name", state_id) VALUES(530, 'Basti', 23);
INSERT INTO public.city (id, "name", state_id) VALUES(531, 'Bulandshahr', 23);
INSERT INTO public.city (id, "name", state_id) VALUES(532, 'Chandauli', 23);
INSERT INTO public.city (id, "name", state_id) VALUES(533, 'Chitrakoot', 23);
INSERT INTO public.city (id, "name", state_id) VALUES(534, 'Deoria', 23);
INSERT INTO public.city (id, "name", state_id) VALUES(535, 'Etah', 23);
INSERT INTO public.city (id, "name", state_id) VALUES(536, 'Kanshiram Nagar', 23);
INSERT INTO public.city (id, "name", state_id) VALUES(537, 'Etawah', 23);
INSERT INTO public.city (id, "name", state_id) VALUES(538, 'Firozabad', 23);
INSERT INTO public.city (id, "name", state_id) VALUES(539, 'Farrukhabad', 23);
INSERT INTO public.city (id, "name", state_id) VALUES(540, 'Fatehpur', 23);
INSERT INTO public.city (id, "name", state_id) VALUES(541, 'Faizabad', 23);
INSERT INTO public.city (id, "name", state_id) VALUES(542, 'Gautam Buddha Nagar', 23);
INSERT INTO public.city (id, "name", state_id) VALUES(543, 'Gonda', 23);
INSERT INTO public.city (id, "name", state_id) VALUES(544, 'Ghazipur', 23);
INSERT INTO public.city (id, "name", state_id) VALUES(545, 'Gorkakhpur', 23);
INSERT INTO public.city (id, "name", state_id) VALUES(546, 'Ghaziabad', 23);
INSERT INTO public.city (id, "name", state_id) VALUES(547, 'Hamirpur', 23);
INSERT INTO public.city (id, "name", state_id) VALUES(548, 'Hardoi', 23);
INSERT INTO public.city (id, "name", state_id) VALUES(549, 'Mahamaya Nagar', 23);
INSERT INTO public.city (id, "name", state_id) VALUES(550, 'Jhansi', 23);
INSERT INTO public.city (id, "name", state_id) VALUES(551, 'Jalaun', 23);
INSERT INTO public.city (id, "name", state_id) VALUES(552, 'Jyotiba Phule Nagar', 23);
INSERT INTO public.city (id, "name", state_id) VALUES(553, 'Jaunpur District', 23);
INSERT INTO public.city (id, "name", state_id) VALUES(554, 'Kanpur Dehat', 23);
INSERT INTO public.city (id, "name", state_id) VALUES(555, 'Kannauj', 23);
INSERT INTO public.city (id, "name", state_id) VALUES(556, 'Kanpur Nagar', 23);
INSERT INTO public.city (id, "name", state_id) VALUES(557, 'Kaushambi', 23);
INSERT INTO public.city (id, "name", state_id) VALUES(558, 'Kushinagar', 23);
INSERT INTO public.city (id, "name", state_id) VALUES(559, 'Lalitpur', 23);
INSERT INTO public.city (id, "name", state_id) VALUES(560, 'Lakhimpur Kheri', 23);
INSERT INTO public.city (id, "name", state_id) VALUES(561, 'Lucknow', 23);
INSERT INTO public.city (id, "name", state_id) VALUES(562, 'Mau', 23);
INSERT INTO public.city (id, "name", state_id) VALUES(563, 'Meerut', 23);
INSERT INTO public.city (id, "name", state_id) VALUES(564, 'Maharajganj', 23);
INSERT INTO public.city (id, "name", state_id) VALUES(565, 'Mahoba', 23);
INSERT INTO public.city (id, "name", state_id) VALUES(566, 'Mirzapur', 23);
INSERT INTO public.city (id, "name", state_id) VALUES(567, 'Moradabad', 23);
INSERT INTO public.city (id, "name", state_id) VALUES(568, 'Mainpuri', 23);
INSERT INTO public.city (id, "name", state_id) VALUES(569, 'Mathura', 23);
INSERT INTO public.city (id, "name", state_id) VALUES(570, 'Muzaffarnagar', 23);
INSERT INTO public.city (id, "name", state_id) VALUES(571, 'Pilibhit', 23);
INSERT INTO public.city (id, "name", state_id) VALUES(572, 'Pratapgarh', 23);
INSERT INTO public.city (id, "name", state_id) VALUES(573, 'Rampur', 23);
INSERT INTO public.city (id, "name", state_id) VALUES(574, 'Rae Bareli', 23);
INSERT INTO public.city (id, "name", state_id) VALUES(575, 'Saharanpur', 23);
INSERT INTO public.city (id, "name", state_id) VALUES(576, 'Sitapur', 23);
INSERT INTO public.city (id, "name", state_id) VALUES(577, 'Shahjahanpur', 23);
INSERT INTO public.city (id, "name", state_id) VALUES(578, 'Sant Kabir Nagar', 23);
INSERT INTO public.city (id, "name", state_id) VALUES(579, 'Siddharthnagar', 23);
INSERT INTO public.city (id, "name", state_id) VALUES(580, 'Sonbhadra', 23);
INSERT INTO public.city (id, "name", state_id) VALUES(581, 'Sant Ravidas Nagar', 23);
INSERT INTO public.city (id, "name", state_id) VALUES(582, 'Sultanpur', 23);
INSERT INTO public.city (id, "name", state_id) VALUES(583, 'Shravasti', 23);
INSERT INTO public.city (id, "name", state_id) VALUES(584, 'Unnao', 23);
INSERT INTO public.city (id, "name", state_id) VALUES(585, 'Varanasi', 23);
INSERT INTO public.city (id, "name", state_id) VALUES(586, 'Birbhum', 24);
INSERT INTO public.city (id, "name", state_id) VALUES(587, 'Bankura', 24);
INSERT INTO public.city (id, "name", state_id) VALUES(588, 'Bardhaman', 24);
INSERT INTO public.city (id, "name", state_id) VALUES(589, 'Darjeeling', 24);
INSERT INTO public.city (id, "name", state_id) VALUES(590, 'Dakshin Dinajpur', 24);
INSERT INTO public.city (id, "name", state_id) VALUES(591, 'Hooghly', 24);
INSERT INTO public.city (id, "name", state_id) VALUES(592, 'Howrah', 24);
INSERT INTO public.city (id, "name", state_id) VALUES(593, 'Jalpaiguri', 24);
INSERT INTO public.city (id, "name", state_id) VALUES(594, 'Cooch Behar', 24);
INSERT INTO public.city (id, "name", state_id) VALUES(595, 'Kolkata', 24);
INSERT INTO public.city (id, "name", state_id) VALUES(596, 'Malda', 24);
INSERT INTO public.city (id, "name", state_id) VALUES(597, 'Midnapore', 24);
INSERT INTO public.city (id, "name", state_id) VALUES(598, 'Murshidabad', 24);
INSERT INTO public.city (id, "name", state_id) VALUES(599, 'Nadia', 24);
INSERT INTO public.city (id, "name", state_id) VALUES(600, 'North 24 Parganas', 24);
INSERT INTO public.city (id, "name", state_id) VALUES(601, 'South 24 Parganas', 24);
INSERT INTO public.city (id, "name", state_id) VALUES(602, 'Purulia', 24);
INSERT INTO public.city (id, "name", state_id) VALUES(603, 'Uttar Dinajpur', 24);






















